instance_id,id,user.id,created_at,text
0,1056396196837769216,233641056,Sun Oct 28 04:04:14 +0000 2018,‡∂¥‡∂ª‡∂∫‡∑ù.. ‡∂∂‡∑ê‡∑Ñ‡∑ê‡∂Ω ‡∂¥‡∂Ω‡∂∫‡∂Ç..
1,1056226833790722049,1854407280,Sat Oct 27 16:51:15 +0000 2018,@MangalaLK @eurekagangabada @MaithripalaS @RW_UNP ‡∑Ñ‡∑è ‡∑Ñ‡∑è ‡∂â‡∂Ω‡∑ä‡∂Ω‡∂±‡∑Ä‡∑è ‡∂±‡∂Ç ‡∂Ø‡∑ì‡∂Ω‡∑è ‡∂¥‡∂Ω‡∂∫‡∂Ç ‡∂∂‡∂Ç ü§£ü§£
2,1056224332760973317,89390203,Sat Oct 27 16:41:19 +0000 2018,"‡∂Ö‡∂±‡∑ö ‡∑Ñ‡∑ú‡∂≥ ‡∂ë‡∂ö‡∑è ‡∑Ä‡∂ú‡∑ö ‡∂ú‡∑ô‡∂Ø‡∂ª ‡∂¥‡∂Ω‡∂∫‡∂Ç..
‡∂ú‡∑ê‡∂ª‡∂¨‡∑í ‡∂∏‡∂ª‡∂Ω ‡∂¥‡∑Ä‡∑î ‡∂ú‡∂±‡∑ä‡∂± ‡∂∂‡∑ë‡∂±‡∑ô...
ü§≠ü§≠ü§≠"
3,1056221332382265344,807567218959523840,Sat Oct 27 16:29:23 +0000 2018,@lasankaOnline ‡∂±‡∑ë ‡∂±‡∑ë ‡∂ï‡∂ö ‡∂Ö‡∂≠‡∑ë‡∂ª‡∂Ω‡∑è ‡∂Ø‡∑è‡∑Ñ‡∂±‡∑ä ‡∂∂‡∂Ç. ‡∂ã‡∂π ‡∂∏‡∑ê‡∂†‡∑ä ‡∂ë‡∂ö ‡∂∂‡∂Ω‡∂Ω‡∑è ‡∂¥‡∂ª‡∑í‡∑É‡∑ä‡∑É‡∂∏‡∂ß ‡∂ú‡∑ô‡∂Ø‡∂∫ ‡∂¥‡∂Ω‡∂∫‡∂Ç ‡∂Ö‡∂∫‡∑í‡∂∫‡∑è!
4,1056139463267704833,3165646736,Sat Oct 27 11:04:04 +0000 2018,RT @YoKanishka: ‡∂∏‡∑Ñ‡∑í‡∂±‡∑ä‡∂Ø ‡∂°‡∂±‡∑ä‡∂Ø‡∑ô‡∂±‡∑ä ‡∂¥‡∑ê‡∂ª‡∂Ø‡∑í‡∂Ω‡∑è ‡∂ú‡∑ô‡∂Ø‡∂ª ‡∂ú‡∑í‡∂∫ ‡∑Ä‡∑ô‡∂Ω‡∑ö ‡∂∂‡∂≠ ‡∂â‡∂≥‡∑ô‡∂±‡∑ä‡∂±‡∑ô ‡∂±‡∑ê ‡∂ö‡∑î‡∂ª‡∑î‡∂Ω‡∑ä‡∂Ω‡∑ú ‡∂¥‡∑í‡∂∫‡∑è‡∂π‡∂±‡∑ä‡∂±‡∑ô ‡∂±‡∑ë ‡∂∏‡∂ß ‡∂ª‡∑ô‡∂±‡∑ä‡∂± ‡∂∂‡∑ë ‡∂ö‡∑í‡∂∫‡∂Ω ‡∑Ä‡∑ê‡∂Ω‡∂¥‡∑î‡∂± ‡∂ã‡∂±‡∑ä ‡∂∏‡∑ö ‡∑Ä‡∑ô‡∂Ω‡∑è‡∑Ä‡∑ô ‡∂¢‡∑è‡∂±‡∑è‡∂∞‡∑í‡∂¥‡∂≠‡∑í ‡∂ö‡∂ª‚Ä¶
5,1056136128854581248,20523325,Sat Oct 27 10:50:49 +0000 2018,RT @YoKanishka: ‡∂∏‡∑Ñ‡∑í‡∂±‡∑ä‡∂Ø ‡∂°‡∂±‡∑ä‡∂Ø‡∑ô‡∂±‡∑ä ‡∂¥‡∑ê‡∂ª‡∂Ø‡∑í‡∂Ω‡∑è ‡∂ú‡∑ô‡∂Ø‡∂ª ‡∂ú‡∑í‡∂∫ ‡∑Ä‡∑ô‡∂Ω‡∑ö ‡∂∂‡∂≠ ‡∂â‡∂≥‡∑ô‡∂±‡∑ä‡∂±‡∑ô ‡∂±‡∑ê ‡∂ö‡∑î‡∂ª‡∑î‡∂Ω‡∑ä‡∂Ω‡∑ú ‡∂¥‡∑í‡∂∫‡∑è‡∂π‡∂±‡∑ä‡∂±‡∑ô ‡∂±‡∑ë ‡∂∏‡∂ß ‡∂ª‡∑ô‡∂±‡∑ä‡∂± ‡∂∂‡∑ë ‡∂ö‡∑í‡∂∫‡∂Ω ‡∑Ä‡∑ê‡∂Ω‡∂¥‡∑î‡∂± ‡∂ã‡∂±‡∑ä ‡∂∏‡∑ö ‡∑Ä‡∑ô‡∂Ω‡∑è‡∑Ä‡∑ô ‡∂¢‡∑è‡∂±‡∑è‡∂∞‡∑í‡∂¥‡∂≠‡∑í ‡∂ö‡∂ª‚Ä¶
6,1056045695260454912,3523674194,Sat Oct 27 04:51:28 +0000 2018,@Soulchild_Rishi ‡∂ß‡∑Ñ‡∑î‡∂ö‡∂±‡∑ä‡∂± ‡∂∂‡∂≠‡∂Ω ‡∂∂‡∑ê‡∂ª‡∂Ω‡∑ä ‡∂ë‡∂ö ‡∂ã‡∂π ‡∂¥‡∂Ω‡∂∫‡∂Ç
7,1056023541185953793,1197328178,Sat Oct 27 03:23:26 +0000 2018,@Rasthiyaduwa @Thush_Official @ZamanX90 ‡∂≠‡∂∏‡∑ä‡∂∂‡∑í ‡∂¥‡∂ö‡∑ô‡∂ö‡∑ä‡∂Ø ‡∂∏‡∑ö ‡∂ª‡∂ú‡∂±‡∑ä‡∂±‡∑ô...?
8,1055848817394733056,971906511344623621,Fri Oct 26 15:49:09 +0000 2018,@MangalaLK @PresRajapaksa ‡∂¥‡∂Ω‡∂∫‡∂Ç ‡∂∂‡∂Ç ‡∂∫‡∂±‡∑ä‡∂±
9,1055677115738185729,924881805395628032,Fri Oct 26 04:26:52 +0000 2018,"RT @jeganganeshan4: ‡∂∫‡∑è‡∂¥‡∂±‡∂∫‡∑ö ‡∂â‡∂±‡∑ä‡∂±‡∑ô‡∂≠‡∑ä ‡∂Ø‡∑ô‡∂∏‡∑Ö‡∑î, ‡∑Ä‡∂≠‡∑î‡∂ö‡∂ª‡∂∫‡∑ö ‡∂â‡∂±‡∑ä‡∂±‡∑ô‡∂≠‡∑ä ‡∂Ø‡∑ô‡∂∏‡∑Ö‡∑î, ‡∂±‡∂∏‡∑î‡∂≠‡∑ä ‡∂∫‡∑è‡∂¥‡∂±‡∂∫‡∑ö ‡∂â‡∂±‡∑ä‡∂± ‡∂Ø‡∑ô‡∂∏‡∑Ö‡∑è ‡∂¥‡∂©‡∂∫‡∂ö‡∑ä ‡∂Ö‡∑ê‡∂ª‡∑í‡∂∫‡∂≠‡∑ä ‡∂∏‡∑î‡∑Ñ‡∑î‡∂´ ‡∂¥‡∑ú‡∂≠‡∑ö ‡∂Ö‡∑ê‡∂≠‡∑í ‡∂¥‡∑í‡∂ß‡∑î‡∑Ä‡∂Ω ‡∂¥‡∑ù‡∑É‡∑ä‡∂ß‡∑ä ‡∂±‡∑í‡∂ª‡∑ä‡∂∏‡∑è‚Ä¶"
10,1055519868802351104,3523674194,Thu Oct 25 18:02:01 +0000 2018,@_madhuri_R_ @Dilan_Perera45 ‡∂Ö‡∂±‡∑ö ‡∂¥‡∂Ω‡∂∫‡∂Ç ‡∂∂‡∂Ç ‡∂∫‡∂±‡∑ä‡∂±
11,1055501312945729536,960036354204737537,Thu Oct 25 16:48:17 +0000 2018,"RT @jeganganeshan4: ‡∂∫‡∑è‡∂¥‡∂±‡∂∫‡∑ö ‡∂â‡∂±‡∑ä‡∂±‡∑ô‡∂≠‡∑ä ‡∂Ø‡∑ô‡∂∏‡∑Ö‡∑î, ‡∑Ä‡∂≠‡∑î‡∂ö‡∂ª‡∂∫‡∑ö ‡∂â‡∂±‡∑ä‡∂±‡∑ô‡∂≠‡∑ä ‡∂Ø‡∑ô‡∂∏‡∑Ö‡∑î, ‡∂±‡∂∏‡∑î‡∂≠‡∑ä ‡∂∫‡∑è‡∂¥‡∂±‡∂∫‡∑ö ‡∂â‡∂±‡∑ä‡∂± ‡∂Ø‡∑ô‡∂∏‡∑Ö‡∑è ‡∂¥‡∂©‡∂∫‡∂ö‡∑ä ‡∂Ö‡∑ê‡∂ª‡∑í‡∂∫‡∂≠‡∑ä ‡∂∏‡∑î‡∑Ñ‡∑î‡∂´ ‡∂¥‡∑ú‡∂≠‡∑ö ‡∂Ö‡∑ê‡∂≠‡∑í ‡∂¥‡∑í‡∂ß‡∑î‡∑Ä‡∂Ω ‡∂¥‡∑ù‡∑É‡∑ä‡∂ß‡∑ä ‡∂±‡∑í‡∂ª‡∑ä‡∂∏‡∑è‚Ä¶"
12,1055497016699047936,161958333,Thu Oct 25 16:31:13 +0000 2018,"‡∂¥‡∑ô.‡∑Ä = ‡∂¥‡∑ô‡∂≠‡∑ä‡∂≠‡∂ß‡∂≠‡∑ä ‡∑Ä‡∂∏‡∂±‡∑ô
‡∂¥.‡∑Ä = ‡∂¥‡∂Ω‡∂∫‡∂Ç ‡∑Ä‡∂±‡∂†‡∂ª‡∂∫‡∑è
 #SinhalaAbbreviations"
13,1055433262078644224,3773388739,Thu Oct 25 12:17:53 +0000 2018,@CrizBale @Soulchild_Rishi ‡∂î‡∂∫‡∑è ‡∂¥‡∂Ω‡∂∫‡∂Ç ‡∂∏‡∑ô‡∂≠‡∂±‡∑í‡∂±‡∑ä
14,1055330029796679680,1854407280,Thu Oct 25 05:27:40 +0000 2018,@SLchathu ‡∂ã‡∂Ç ‡∑Ñ‡∑í‡∂≠‡∂±‡∑Ä‡∑è ‡∂á‡∂≠‡∑í ‡∂≠‡∂∏‡∑ä‡∂∂‡∑í ‡∂∏‡∑ê‡∂ª‡∑î‡∂´‡∂ß ‡∂ö‡∂∏‡∂ö‡∑ä ‡∂±‡∑ë ‡∑É‡∑í‡∂Ç‡∑Ñ‡∂Ω ‡∂ã‡∂Ç ‡∂∏‡∑ê‡∂ª‡∑ô‡∂± ‡∂ë‡∂ö ‡∂Ö‡∂¥‡∂ª‡∑è‡∂Ø‡∑ö ‡∂ö‡∑í‡∂∫‡∂Ω‡∑è.. üòÇüòÇ
15,1055299149376167937,960036354204737537,Thu Oct 25 03:24:58 +0000 2018,"RT @JanithaGihan: ‡∂≠‡∂∏‡∑è‡∂ú‡∑ö‡∂∏ ‡∂Ö‡∑Ñ‡∑Ä‡∂Ω‡∑ä ‡∂ë‡∂ö ‡∂ö‡∂¥‡∑è ‡∂ú‡∂±‡∑ä‡∂± ‡∂∏‡∑î‡∂±‡∑ä‡∂ß ‡∂ö‡∑ú‡∑Ñ‡∑ô‡∂±‡∑ä‡∂Ø ‡∑Ñ‡∑ê‡∂ú‡∑ì‡∂∏‡∑ä ‡∂Ø‡∑ê‡∂±‡∑ì‡∂∏‡∑ä.....
‡∂≠‡∑î ‡∂±‡∑ú‡∂Ø‡∑ú‡∂ö‡∑í‡∂±‡∑ä ‡∂∏‡∑í‡∂±‡∑ì‡∂∏‡∂ª‡∑î ‡∂ú‡∑ô‡∂ª‡∑í ‡∂≠‡∂∏‡∑ä‡∂∂‡∑í. https://t.co/zzhu3qWbI7"
16,1055286012660891648,486627044,Thu Oct 25 02:32:46 +0000 2018,"‡∂≠‡∂∏‡∑è‡∂ú‡∑ö‡∂∏ ‡∂Ö‡∑Ñ‡∑Ä‡∂Ω‡∑ä ‡∂ë‡∂ö ‡∂ö‡∂¥‡∑è ‡∂ú‡∂±‡∑ä‡∂± ‡∂∏‡∑î‡∂±‡∑ä‡∂ß ‡∂ö‡∑ú‡∑Ñ‡∑ô‡∂±‡∑ä‡∂Ø ‡∑Ñ‡∑ê‡∂ú‡∑ì‡∂∏‡∑ä ‡∂Ø‡∑ê‡∂±‡∑ì‡∂∏‡∑ä.....
‡∂≠‡∑î ‡∂±‡∑ú‡∂Ø‡∑ú‡∂ö‡∑í‡∂±‡∑ä ‡∂∏‡∑í‡∂±‡∑ì‡∂∏‡∂ª‡∑î ‡∂ú‡∑ô‡∂ª‡∑í ‡∂≠‡∂∏‡∑ä‡∂∂‡∑í. https://t.co/zzhu3qWbI7"
17,1055175019221975041,3235165741,Wed Oct 24 19:11:43 +0000 2018,"RT @moogater: ‡∂¥.‡∂Ω‡∑í= ‡∂¥‡∂Ω‡∂∫‡∂Ç ‡∂Ω‡∑í‡∂≠‡∑î‡∑Ä‡∑ö‡∂±‡∑í‡∂∫‡∑è
 #SinhalaAbbreviations"
18,1055138955564265473,968328596178788352,Wed Oct 24 16:48:25 +0000 2018,@PoornaCW ‡∂∏‡∑ö‡∂ö ‡∂Ö‡∂ª‡∂±‡∑ä ‡∂¥‡∂Ω‡∂∫‡∂Ç https://t.co/dwNNcfjtNe
19,1055138798189735936,906637115831730176,Wed Oct 24 16:47:47 +0000 2018,@ChamikaCME ‡∂≠‡∂∏‡∑ä‡∂∂‡∑í ‡∂ª‡∑ê‡∑Ä‡∑î‡∂Ω‡∑ö ‡∂ú‡∑ê‡∂∏‡∑ä‡∂∏  üëà
20,1055128527144513537,947704996031741952,Wed Oct 24 16:06:58 +0000 2018,"RT @moogater: ‡∂¥.‡∂Ω‡∑í= ‡∂¥‡∂Ω‡∂∫‡∂Ç ‡∂Ω‡∑í‡∂≠‡∑î‡∑Ä‡∑ö‡∂±‡∑í‡∂∫‡∑è
 #SinhalaAbbreviations"
21,1055123594408222720,898356792261922816,Wed Oct 24 15:47:22 +0000 2018,"RT @moogater: ‡∂¥.‡∂Ω‡∑í= ‡∂¥‡∂Ω‡∂∫‡∂Ç ‡∂Ω‡∑í‡∂≠‡∑î‡∑Ä‡∑ö‡∂±‡∑í‡∂∫‡∑è
 #SinhalaAbbreviations"
22,1055106640762916865,161958333,Wed Oct 24 14:40:00 +0000 2018,"‡∂¥.‡∂Ω‡∑í= ‡∂¥‡∂Ω‡∂∫‡∂Ç ‡∂Ω‡∑í‡∂≠‡∑î‡∑Ä‡∑ö‡∂±‡∑í‡∂∫‡∑è
 #SinhalaAbbreviations"
23,1054945572258504705,976697800187621376,Wed Oct 24 03:59:59 +0000 2018,"RT @Indrajithonline: ‡∂Ö‡∂ª ‡∂∏‡∑è‡∂∞‡∑ä‚Äç‡∂∫‡∑Ä‡∑ö‡∂Ø‡∑í‡∂∫‡∑è‡∑Ä ‡∂ë‡∑Ñ‡∑ô‡∂∏ ‡∂∏‡∑ê‡∂ª‡∑î‡∑Ä‡∑è ‡∂±‡∂∏‡∑ä ‡∂í ‡∂≠‡∂∏‡∑ä‡∂∂‡∑í ‡∂ª‡∂ß‡∑ö ‡∂ª‡∂¢‡∂≠‡∑î‡∂∏‡∑è, ‡∂Ö‡∂¥‡∑ö ‡∂ª‡∂ß‡∑Ä‡∂Ω‡∑í‡∂±‡∑ä ‡∂∏‡∑ô‡∑Ñ‡∑ô‡∂ö‡∑è‡∂ª‡∂ö‡∂∏‡∑ä ‡∑Ä‡∂Ω‡∂ß ‡∂∫‡∂± ‡∂ú‡∑ë‡∂´‡∑î ‡∂∏‡∑í‡∂±‡∑í‡∑É‡∑ä‡∑É‡∑î‡∂±‡∑ä‡∂ß ‡∂í ‡∂ª‡∂ß ‡∑Ä‡∑ê‡∑É‡∑í‡∂∫‡∑ù ‡∂ö‡∑ú‡∑Ñ‡∑ú‡∂∏‚Ä¶"
24,1054810999008714758,3235165741,Tue Oct 23 19:05:14 +0000 2018,"RT @Indrajithonline: ‡∂Ö‡∂ª ‡∂∏‡∑è‡∂∞‡∑ä‚Äç‡∂∫‡∑Ä‡∑ö‡∂Ø‡∑í‡∂∫‡∑è‡∑Ä ‡∂ë‡∑Ñ‡∑ô‡∂∏ ‡∂∏‡∑ê‡∂ª‡∑î‡∑Ä‡∑è ‡∂±‡∂∏‡∑ä ‡∂í ‡∂≠‡∂∏‡∑ä‡∂∂‡∑í ‡∂ª‡∂ß‡∑ö ‡∂ª‡∂¢‡∂≠‡∑î‡∂∏‡∑è, ‡∂Ö‡∂¥‡∑ö ‡∂ª‡∂ß‡∑Ä‡∂Ω‡∑í‡∂±‡∑ä ‡∂∏‡∑ô‡∑Ñ‡∑ô‡∂ö‡∑è‡∂ª‡∂ö‡∂∏‡∑ä ‡∑Ä‡∂Ω‡∂ß ‡∂∫‡∂± ‡∂ú‡∑ë‡∂´‡∑î ‡∂∏‡∑í‡∂±‡∑í‡∑É‡∑ä‡∑É‡∑î‡∂±‡∑ä‡∂ß ‡∂í ‡∂ª‡∂ß ‡∑Ä‡∑ê‡∑É‡∑í‡∂∫‡∑ù ‡∂ö‡∑ú‡∑Ñ‡∑ú‡∂∏‚Ä¶"
25,1054777854855127040,210131987,Tue Oct 23 16:53:32 +0000 2018,"RT @Indrajithonline: ‡∂Ö‡∂ª ‡∂∏‡∑è‡∂∞‡∑ä‚Äç‡∂∫‡∑Ä‡∑ö‡∂Ø‡∑í‡∂∫‡∑è‡∑Ä ‡∂ë‡∑Ñ‡∑ô‡∂∏ ‡∂∏‡∑ê‡∂ª‡∑î‡∑Ä‡∑è ‡∂±‡∂∏‡∑ä ‡∂í ‡∂≠‡∂∏‡∑ä‡∂∂‡∑í ‡∂ª‡∂ß‡∑ö ‡∂ª‡∂¢‡∂≠‡∑î‡∂∏‡∑è, ‡∂Ö‡∂¥‡∑ö ‡∂ª‡∂ß‡∑Ä‡∂Ω‡∑í‡∂±‡∑ä ‡∂∏‡∑ô‡∑Ñ‡∑ô‡∂ö‡∑è‡∂ª‡∂ö‡∂∏‡∑ä ‡∑Ä‡∂Ω‡∂ß ‡∂∫‡∂± ‡∂ú‡∑ë‡∂´‡∑î ‡∂∏‡∑í‡∂±‡∑í‡∑É‡∑ä‡∑É‡∑î‡∂±‡∑ä‡∂ß ‡∂í ‡∂ª‡∂ß ‡∑Ä‡∑ê‡∑É‡∑í‡∂∫‡∑ù ‡∂ö‡∑ú‡∑Ñ‡∑ú‡∂∏‚Ä¶"
26,1054764941096321026,150624162,Tue Oct 23 16:02:13 +0000 2018,@KanchanaManamen ‡∂Ö‡∂±‡∑ô‡∂¥‡∑ä ‡∂¥‡∂Ω‡∂∫‡∂Ç ‡∂ú‡∑ë‡∂±‡∑í‡∂∫‡∑ô ‡∂∫‡∂±‡∑ä‡∂±  .‡∂ª‡∂ß‡∑ö ‡∂±‡∑ê‡∂≠‡∑í ‡∂ú‡∂Ω‡∑ä‡∂ö‡∑ô‡∂¥‡∑ä‡∂¥ ‡∂ö‡∑ô‡∂Ω‡∂Ω‡∑è ‡∂∏‡∑í‡∂±‡∑í‡∑É‡∑ä‡∑É‡∑î ‡∂∂‡∂∫‡∂ö‡∂ª‡∂±‡∑ä‡∂±‡∑ô ‡∂±‡∑ê‡∂≠‡∑î‡∑Ä..
27,1054747186699927553,996678979464478721,Tue Oct 23 14:51:40 +0000 2018,"RT @Indrajithonline: ‡∂Ö‡∂ª ‡∂∏‡∑è‡∂∞‡∑ä‚Äç‡∂∫‡∑Ä‡∑ö‡∂Ø‡∑í‡∂∫‡∑è‡∑Ä ‡∂ë‡∑Ñ‡∑ô‡∂∏ ‡∂∏‡∑ê‡∂ª‡∑î‡∑Ä‡∑è ‡∂±‡∂∏‡∑ä ‡∂í ‡∂≠‡∂∏‡∑ä‡∂∂‡∑í ‡∂ª‡∂ß‡∑ö ‡∂ª‡∂¢‡∂≠‡∑î‡∂∏‡∑è, ‡∂Ö‡∂¥‡∑ö ‡∂ª‡∂ß‡∑Ä‡∂Ω‡∑í‡∂±‡∑ä ‡∂∏‡∑ô‡∑Ñ‡∑ô‡∂ö‡∑è‡∂ª‡∂ö‡∂∏‡∑ä ‡∑Ä‡∂Ω‡∂ß ‡∂∫‡∂± ‡∂ú‡∑ë‡∂´‡∑î ‡∂∏‡∑í‡∂±‡∑í‡∑É‡∑ä‡∑É‡∑î‡∂±‡∑ä‡∂ß ‡∂í ‡∂ª‡∂ß ‡∑Ä‡∑ê‡∑É‡∑í‡∂∫‡∑ù ‡∂ö‡∑ú‡∑Ñ‡∑ú‡∂∏‚Ä¶"
28,1054737948233605123,19650288,Tue Oct 23 14:14:57 +0000 2018,RT @DulvinHemal: ‡∑Ä‡∑ê‡∂©‡∂ö‡∑ä ‡∂ö‡∂ª‡∂¥‡∂Ç ‡∂±‡∑ê‡∂≠‡∑ä‡∂≠‡∂±‡∑ä ‡∂¥‡∂Ω‡∂∫‡∂Ç please üíÅüèΩ‚Äç‚ôÇÔ∏è #lka @RW_UNP @MaithripalaS @MangalaLK @HarshadeSilvaMP @RamanayakeR https://t.co/RiOv‚Ä¶
29,1054709863740334080,2805958826,Tue Oct 23 12:23:21 +0000 2018,"‡∂Ö‡∂©‡∑ù ‡∂≠‡∑í‡∑É‡∂ª ‡∂¥‡∑ú‡∂Ω‡∑î ‡∂¥‡∂Ω‡∂∫‡∂Ç, lbw ‡∂¥‡∂Ω‡∂∫‡∂Ç, ‡∑Ñ‡∑í‡∂ß‡∑ä ‡∑Ä‡∑í‡∂ö‡∂ß‡∑ä ‡∑Ñ‡∂ª‡∑í ‡∂¥‡∂Ω‡∂∫‡∂Ç ‡∂≠‡∂±‡∑í ‡∂ã‡∂© ‡∂ú‡∑Ñ‡∂Ω ‡∂ö‡∑ê‡∂†‡∑ä ‡∂±‡∂∏‡∑ä ‡∂Ø‡∑ô‡∂±‡∑ä‡∂© ‡∂ë‡∂¥‡∑è üò≠üò≠üò≠üò≠üò≠üò≠üò≠"
30,1054658815340072960,730199737333207041,Tue Oct 23 09:00:30 +0000 2018,@FriendsGammadda ‡∂∫‡∑ô‡∂ö‡∂±‡∑ô ‡∂≠‡∂∏‡∑ä‡∂∂‡∑í
31,1054654723456811008,562736430,Tue Oct 23 08:44:15 +0000 2018,RT @DulvinHemal: ‡∑Ä‡∑ê‡∂©‡∂ö‡∑ä ‡∂ö‡∂ª‡∂¥‡∂Ç ‡∂±‡∑ê‡∂≠‡∑ä‡∂≠‡∂±‡∑ä ‡∂¥‡∂Ω‡∂∫‡∂Ç please üíÅüèΩ‚Äç‚ôÇÔ∏è #lka @RW_UNP @MaithripalaS @MangalaLK @HarshadeSilvaMP @RamanayakeR https://t.co/RiOv‚Ä¶
32,1054093025578635264,1116331075,Sun Oct 21 19:32:16 +0000 2018,RT @DulvinHemal: ‡∑Ä‡∑ê‡∂©‡∂ö‡∑ä ‡∂ö‡∂ª‡∂¥‡∂Ç ‡∂±‡∑ê‡∂≠‡∑ä‡∂≠‡∂±‡∑ä ‡∂¥‡∂Ω‡∂∫‡∂Ç please üíÅüèΩ‚Äç‚ôÇÔ∏è #lka @RW_UNP @MaithripalaS @MangalaLK @HarshadeSilvaMP @RamanayakeR https://t.co/RiOv‚Ä¶
33,1053846378223267840,199129412,Sun Oct 21 03:12:10 +0000 2018,@maalupaan ‡∂∫‡∂± ‡∂ú‡∂∏‡∂±‡∑ä ‡∑Ä‡∑è‡∂Ø‡∑ä‡∂Ø‡∑î‡∑Ä‡∑ô‡∂±‡∑ä ‡∂∏‡∂ß‡∂≠‡∑ä ‡∂¥‡∑Ñ‡∂ö‡∑ä ‡∂Ø‡∑ì‡∂ú‡∑ô‡∂± ‡∂¥‡∂Ω‡∂∫‡∂Ç. ‡∂î‡∂∫ ‡∂¥‡∑è‡∂ª‡∂ß‡∑ä‡∂ß‡∑î ‡∂ö‡∂ª‡∂± ‡∂≠‡∂ª‡∂∏‡∑ä ‡∂ª‡∑É‡∂Ø ‡∂∂‡∂Ω‡∂±‡∑ä‡∂±
34,1053449083795529729,750011074762551300,Sat Oct 20 00:53:28 +0000 2018,@nsadisha ‡∂∫‡∂≠‡∑î‡∂ª‡∂ö‡∑ä ‡∂Ö‡∂ª‡∂Ç ‡∂¥‡∂Ω‡∂∫‡∂Ç ‡∂ú‡∑ô‡∑Ä‡∂Ω‡∑ä ‡∑Ä‡∂Ω ‡∂∏‡∑í‡∂±‡∑í‡∑É‡∑ä‡∑É‡∑î‡∂±‡∑ä‡∂ß ‡∂±‡∑í‡∂Ø‡∑è ‡∂ú‡∂±‡∑ä‡∂± ‡∂Ø‡∑í‡∂Ω‡∑è
35,1053108847777320960,2668269276,Fri Oct 19 02:21:29 +0000 2018,‡∑Ä‡∑ê‡∂©‡∂ö‡∑ä ‡∂ö‡∂ª‡∂¥‡∂Ç ‡∂±‡∑ê‡∂≠‡∑ä‡∂≠‡∂±‡∑ä ‡∂¥‡∂Ω‡∂∫‡∂Ç please üíÅüèΩ‚Äç‚ôÇÔ∏è #lka @RW_UNP @MaithripalaS @MangalaLK @HarshadeSilvaMP @RamanayakeR https://t.co/RiOvSE9jde
36,1056135665732202497,26719785,Sat Oct 27 10:48:59 +0000 2018,‡∂∏‡∑Ñ‡∑í‡∂±‡∑ä‡∂Ø ‡∂°‡∂±‡∑ä‡∂Ø‡∑ô‡∂±‡∑ä ‡∂¥‡∑ê‡∂ª‡∂Ø‡∑í‡∂Ω‡∑è ‡∂ú‡∑ô‡∂Ø‡∂ª ‡∂ú‡∑í‡∂∫ ‡∑Ä‡∑ô‡∂Ω‡∑ö ‡∂∂‡∂≠ ‡∂â‡∂≥‡∑ô‡∂±‡∑ä‡∂±‡∑ô ‡∂±‡∑ê ‡∂ö‡∑î‡∂ª‡∑î‡∂Ω‡∑ä‡∂Ω‡∑ú ‡∂¥‡∑í‡∂∫‡∑è‡∂π‡∂±‡∑ä‡∂±‡∑ô ‡∂±‡∑ë ‡∂∏‡∂ß ‡∂ª‡∑ô‡∂±‡∑ä‡∂± ‡∂∂‡∑ë ‡∂ö‡∑í‡∂∫‡∂Ω ‡∑Ä‡∑ê‡∂Ω‡∂¥‡∑î‡∂± ‡∂ã‡∂±‡∑ä ‡∂∏‡∑ö ‡∑Ä‡∑ô‡∂Ω‡∑è‡∑Ä‡∑ô ‡∂¢‡∑è‡∂±‡∑è‡∂∞‡∑í‡∂¥‡∂≠‡∑í ‡∂ö‡∂ª‡∂¥‡∑î ‡∑Ä‡∑ê‡∂©‡∑ö ‡∂±‡∑ì‡∂≠‡∑í ‡∑Ä‡∑í‡∂ª‡∑ù‡∂∞‡∑ì ‡∂ö‡∑í‡∂∫‡∂Ø‡∑ä‡∂Ø‡∑í ‡∂Ö‡∂¥‡∑í‡∂ß ‡∂Ö‡∂¨‡∂±‡∑ä‡∂± ‡∂ë‡∂¥‡∑è‡∂Ω‡∑î üòÇ ‡∂Ö‡∂±‡∑ö ‡∂¥‡∂Ω‡∂∫‡∂Ç ‡∂±‡∑í‡∂ö‡∂±‡∑ä ‡∂∫‡∂±‡∑ä‡∂± üòÇüòÇüòÇ #PMChangedSL
37,1055902061747855360,312686220,Fri Oct 26 19:20:43 +0000 2018,"@cjs8000 ‡∂Ø‡∑ô‡∂±‡∑ä‡∂±‡∑ô ‡∑Ñ‡∑í‡∂¥‡∑ù‡∂ö‡∑ä‚Äç‡∂ª‡∂ß‡∑í‡∂ö‡∑ä ‡∂ï‡∂≠‡∑ä, ‡∑Ñ‡∑í‡∂≠‡∂±‡∑ä‡∂±‡∑ô ‡∂≠‡∂∏‡∑ä‡∂∂‡∑í ‡∂≠‡∑î‡∂ª‡∂±‡∑ä ‡∂ö‡∂ª‡∂±‡∑ä‡∂±. ‡∂±‡∂Ω‡∑ä‡∂Ω‡∂∏‡∂Ω‡∑ö ‡∂Ø‡∑ú‡∑É‡∑ä‡∂≠‡∂ª‡∂Ω ‡∂≠‡∑ú‡∂¥‡∑í üòÇüòÇüòÇ

‡∂ö‡∑Ñ‡∂±‡∑ä‡∂±‡∑ô ‡∂≠‡∑ù‡∂ú‡∑ô‡∂±‡∑ö ‡∂¥‡∂ö‡∑ù ‡∑Ä‡∑ô‡∂± ‡∂ë‡∂ö‡∑ô‡∂ö‡∑ä‡∂ú‡∑ô ‡∂ë‡∂ö‡∂ö‡∑ä ‡∂ë‡∂Ω‡∑ù ‡∂∏‡∑ô‡∂Ω‡∑ù ‡∂±‡∑ê‡∂≠‡∑í‡∑Ä RT ‡∂ö‡∂Ω‡∑è ‡∂∏‡∂Ø‡∑í‡∑Ä‡∂ß ‡∂≠‡∑Ä ‡∂ö‡∑î‡∂´‡∑î‡∑Ñ‡∂ª‡∑î‡∂¥‡∂≠‡∑ä ‡∂ö‡∑í‡∂∫‡∂±‡∑ä ‡∂Ü‡∑Ä‡∑ö??? ‡∂≠‡∑ù ‡∂ö‡∑Ñ ‡∂ö‡∑Ñ ‡∂∏‡∂ß ‡∂Ö‡∑Ñ‡∑Ä‡∂Ω‡∑ä ‡∂ë‡∑Ñ‡∑ô‡∂ö‡∂ß‡∑ô‡∂∫‡∑í ‡∂ö‡∑ê‡∑Ñ‡∑ê‡∂Ω‡∑ä‡∂Ω‡∂ö‡∑ä ‡∂ö‡∑í‡∂∫‡∂±‡∑ä‡∂±‡∑ö??? ü§£ü§£ü§£"
38,1055896681516945408,312686220,Fri Oct 26 18:59:21 +0000 2018,"@cjs8000 ‡∂Ü...‡∂∏‡∂ß‡∂±‡∂∏‡∑ä ‡∂∂‡∑î‡∂ª‡∑ä‡∂ö‡∑è‡∑Ä ‡∂Ø‡∑ê‡∂ö‡∑ä‡∂ö‡∂ß ‡∂Ö‡∑Ä‡∑î‡∂Ω‡∂ö‡∑ä ‡∂±‡∑ë, ‡∂í‡∂ö ‡∂á‡∂Ω‡∂¢‡∑í‡∂ö‡∑ä‡∂±‡∑î‡∂≠‡∑ä ‡∂±‡∑ë. ‡∂ã‡∂∂‡∂ß ‡∂≠‡∂∏‡∑ä‡∂∂‡∑í ‡∂∏‡∑ê‡∂ª‡∑í‡∂Ω‡∑ä‡∂Ω ‡∂î‡∂Ω‡∑î‡∑Ä‡∑ô ‡∂≠‡∑í‡∂∂‡∑ä‡∂∂‡∂ß. ‡∑É‡∑í‡∂ª‡∑è‡∑Ä‡∂ß ‡∂∏‡∑î‡∑É‡∑ä‡∂Ω‡∑í‡∂∏‡∑ä ‡∂∏‡∑í‡∂±‡∑í‡∑Ñ‡∑ô‡∂ö‡∑ä ‡∂ë‡∑Ñ‡∑ô‡∂∏ ‡∂ã‡∂π‡∑ô‡∂±‡∑ä ‡∂∂‡∑ö‡∂≠‡∑ä ‡∂ú‡∂≠‡∑ä‡∂≠‡∑ú‡∂≠‡∑ä ‡∂∂‡∂©‡∑î ‡∑Ç‡∑î‡∑Ä‡∂ª‡∑ä ‡∂ë‡∂≠‡∂±‡∂∏

‡∂Ü ‡∂≠‡∑ú‡∂ú‡∑ö ‡∂¥‡∑è‡∂©‡∑î‡∑Ä‡∑ô ‡∂≠‡∑ù ‡∑Ñ‡∑í‡∂ß‡∑í‡∂∫‡∂Ø? ‡∂±‡∑ê‡∂≠‡∑ä‡∂±‡∂∏‡∑ä ‡∂∏‡∂ú‡∑ö ‡∂ß‡∑ä‡∑Ä‡∑ì‡∂ß‡∑ä ‡∂ë‡∂ö‡∂ö‡∑ä Quote ‡∂ö‡∂ª‡∂Ω RT ‡∂ö‡∂ª‡∂Ω ‡∂∏‡∂∏ ‡∂í‡∂ö‡∂ß ‡∂ö‡∑í‡∑Ä‡∑ä‡∑Ä‡∂∏ ‡∂¥‡∑í‡∑É‡∑ä‡∑É‡∑î ‡∂∂‡∂Ω‡∑ä‡∂Ω ‡∑Ä‡∂ú‡∑ö ‡∂ö‡∂©‡∂±‡∑ä ‡∂¥‡∑ê‡∂±‡∑ä‡∂±‡∂Ø? üòÇ"
39,1055891736457732096,312686220,Fri Oct 26 18:39:42 +0000 2018,@cjs8000 ‡∑Ñ‡∂∏‡∑ä‡∂∏‡∑ä‡∂ß ‡∂≠‡∑ù ‡∂í ‡∂ö‡∑è‡∂Ω‡∑ö ‡∂∏‡∂ß DM ‡∂ö‡∂ª ‡∂ö‡∂ª ‡∂≠‡∂∏‡∑ä‡∂∂‡∑í ‡∂∏‡∑ê‡∂ª‡∑í‡∂Ω‡∑ä‡∂Ω‡∂∫‡∑í ‡∂Ö‡∂∫‡∑í‡∑Ç‡∂ú‡∑ô ‡∂ö‡∂≠‡∑è‡∂∫‡∑í ‡∂ö‡∑í‡∑Ä‡∑ä‡∑Ä ‡∂ë‡∑Ä‡∑ä‡∑Ä? ‡∂≠‡∑ù ‡∂ë‡∂≠‡∂ö‡∑ú‡∂ß ‡∑Ñ‡∑ô‡∂± ‡∑É‡∑î‡∂Ø‡∂±‡∑è??? ‡∂∏‡∂ß ‡∂∏‡∂≠‡∂ö‡∂∫‡∑í ‡∂Ö‡∂Ω‡∑í ‡∂¥‡∑î‡∂ö‡∑ô‡∂±‡∑ä ‡∂¢‡∂±‡∂ú‡∑Ñ‡∂± ‡∂¥‡∑è‡∂Ω‡∂±‡∑ö ‡∂ú‡∑ê‡∂± ‡∂ö‡∑í‡∂∫‡∑Ä‡∂±‡∑ù ‡∂Ö‡∂ª ‡∂ö‡∑ä‚Äç‡∂ª‡∑í‡∂ö‡∂ß‡∑ä ‡∂∏‡∑ê‡∂†‡∑ä ‡∑Ä‡∂Ω‡∂ß ‡∑É‡∑ô‡∂ß‡∑ä ‡∑Ä‡∑ô‡∂†‡∑ä‡∂†‡∑í ‡∑Ä‡∑ô‡∂Ω‡∑è‡∑Ä‡∑ô‡∂≠‡∑ä. ‡∂≠‡∑ú‡∂ú‡∑ô‡∂±‡∑ä ‡∂∂‡∑ô‡∑Ñ‡∑ô‡∂≠‡∑ä ‡∂ú‡∂±‡∑ä‡∂± ‡∂ã‡∂±‡∑ä‡∂ß‡∂±‡∂∏‡∑ä ‡∂Ø‡∑ô‡∂∫‡∑í‡∂∫‡∂±‡∑ä‡∂ú‡∑ô‡∂∏ ‡∂¥‡∑í‡∑Ñ‡∑í‡∂ß‡∂∫‡∑í ‡∂≠‡∂∏‡∑è
40,1055830774123966464,425662817,Fri Oct 26 14:37:27 +0000 2018,"This is no surprise! MY3 is already known for hitching!

‡∂≠‡∑ú‡∂¥‡∑í‡∂ß ‡∂≠‡∑Ä ‡∂≠‡∑í‡∂∫‡∂±‡∑ä‡∂±‡∑ö ‡∑Ä‡∑É‡∂ª‡∂∫‡∂∫‡∑í,
‡∑Ä‡∑í‡∂∏‡∂Ω‡∂∫‡∑è ‡∂ö‡∑í‡∑Ä‡∑ä‡∑Ä ‡∑Ä‡∂ú‡∑ö, ‡∂∏‡∑ú‡∂± ‡∂≠‡∑ñ‡∂≠‡∑ä‡∂≠‡∑î‡∂ö‡∑î‡∂©‡∑í‡∂∫‡∂ß ‡∑Ñ‡∂ª‡∑í ‡∂≠‡∑ú‡∂Ω‡∂±‡∑ä‡∂†‡∑ä‡∂†‡∑í ‡∑Ä‡∑ô‡∂Ω‡∑è ‡∂¥‡∂Ω‡∂∫‡∂Ç! https://t.co/HkIGYBc6Zk"
41,1055492665263837185,1055481143934431232,Thu Oct 25 16:13:56 +0000 2018,"‡∂∫‡∑è‡∂¥‡∂±‡∂∫‡∑ö ‡∂â‡∂±‡∑ä‡∂±‡∑ô‡∂≠‡∑ä ‡∂Ø‡∑ô‡∂∏‡∑Ö‡∑î, ‡∑Ä‡∂≠‡∑î‡∂ö‡∂ª‡∂∫‡∑ö ‡∂â‡∂±‡∑ä‡∂±‡∑ô‡∂≠‡∑ä ‡∂Ø‡∑ô‡∂∏‡∑Ö‡∑î, ‡∂±‡∂∏‡∑î‡∂≠‡∑ä ‡∂∫‡∑è‡∂¥‡∂±‡∂∫‡∑ö ‡∂â‡∂±‡∑ä‡∂± ‡∂Ø‡∑ô‡∂∏‡∑Ö‡∑è ‡∂¥‡∂©‡∂∫‡∂ö‡∑ä ‡∂Ö‡∑ê‡∂ª‡∑í‡∂∫‡∂≠‡∑ä ‡∂∏‡∑î‡∑Ñ‡∑î‡∂´ ‡∂¥‡∑ú‡∂≠‡∑ö ‡∂Ö‡∑ê‡∂≠‡∑í ‡∂¥‡∑í‡∂ß‡∑î‡∑Ä‡∂Ω ‡∂¥‡∑ù‡∑É‡∑ä‡∂ß‡∑ä ‡∂±‡∑í‡∂ª‡∑ä‡∂∏‡∑è‡∂´‡∂∫ ‡∑Ä‡∑î‡∂´‡∂≠‡∑ä, ‡∑Ä‡∂≠‡∑î‡∂ö‡∂ª‡∂∫‡∑ö ‡∂â‡∂±‡∑ä‡∂± ‡∂Ø‡∑ô‡∂∏‡∑Ö‡∑è ‡∂≠‡∂∏ ‡∂Ö‡∑É‡∑è‡∂∞‡∑è‡∂ª‡∂´‡∂∫ ‡∑Ä‡∑ô‡∂±‡∑î‡∑Ä‡∑ô‡∂±‡∑ä ‡∑Ñ‡∂¨ ‡∂±‡∂ú‡∂± ‡∂ë‡∂ö ‡∂∂‡∑ú‡∑Ñ‡∑ù ‡∂Ö‡∂∫ ‡∂Ø‡∑ê‡∂ö‡∂Ω‡∑è ‡∂±‡∑ë.. 
‡∂∏‡∑ö‡∂ö ‡∂ö‡∑í‡∂∫‡∂±‡∑ä‡∂±‡∑ô‡∂≠‡∑ä ‡∂Ø‡∑ô‡∂∏‡∑Ö‡∑ô‡∂ö‡∑ä‡∂∏ ‡∂≠‡∂∏‡∑è..
#lka #basicsalary1000 #SriLanka https://t.co/Rg1MDTbYuy"
42,1055410611922722816,161958333,Thu Oct 25 10:47:53 +0000 2018,"@Sudumameduvada ‡∂ö‡∑î‡∂©‡∑ö‡∂ß ‡∑É‡∑ô‡∂±‡∑ä‡∑É‡∂ª‡∑ä ‡∂ë‡∂ö‡∂ö‡∑î‡∂∫‡∑í, ‡∂ª‡∑ô‡∂ö‡∑ù‡∂ª‡∑ä‡∂©‡∑í‡∂±‡∑ä ‡∂ë‡∂ö‡∂ö‡∑î‡∂∫‡∑í ‡∑Ñ‡∂∫‡∑í ‡∂ö‡∂ª‡∂±‡∑ä‡∂± ‡∂ï‡∂±‡∑è. '‡∂ï‡∂∫‡∑í ‡∂∏‡∑è‡∑Ä‡∂≠‡∑ä ‡∂Ö‡∂ª‡∂ú‡∑ô‡∂± ‡∂¥‡∂Ω‡∂∫‡∂Ç' ‡∑Ä‡∂ú‡∑ö ‡∂ë‡∂ö‡∂ö‡∑ä ‡∂ö‡∑î‡∂©‡∑ö ‡∂±‡∑ê‡∂≠‡∑í‡∑Ä ‡∂∂‡∑É‡∑ä, ‡∂ö‡∑ù‡∂†‡∑ä‡∂†‡∑í‡∑Ä‡∂Ω‡∑í‡∂±‡∑ä ‡∂∂‡∑ê‡∑Ñ‡∑ê‡∂Ω‡∑è ‡∂∫‡∂Ø‡∑ä‡∂Ø‡∑í ‡∂ö‡∑í‡∂∫‡∂±‡∑ä‡∂± ‡∂¥‡∑î‡∑Ö‡∑î‡∑Ä‡∂±‡∑ä ‡∑Ä‡∑ô‡∂±‡∑ä‡∂±."
43,1054778384822108161,848239923597541376,Tue Oct 23 16:55:38 +0000 2018,@raviyasas @chamindarr ‡∂î‡∑Ä‡∑è ‡∂Ø‡∑ê‡∂±‡∑ä ‡∂¥‡∑ê‡∂ö‡∂ß‡∑ä ‡∂ö‡∂ª‡∂±‡∑ä‡∂±‡∑ô ‡∂ú‡∑ú‡∂©‡∂ö‡∑ä‡∂∏ ‡∂ö‡∂ª‡∂±‡∑ä‡∂±‡∑ô ‡∂≠‡∂∏‡∑ä‡∂∂‡∑í ‡∑É‡∂∏‡∑è‡∂ú‡∂∏‡∑ä. ‡∂Ö‡∂©‡∑î‡∑Ä‡∂ß ‡∂Ø‡∑ô‡∂± ‡∂±‡∑í‡∑É‡∑è ‡∂∏‡∑í‡∂±‡∑í‡∑É‡∑ä‡∑É‡∑î ‡∂ú‡∂±‡∑ä‡∂±‡∑Ä‡∑è. ‡∂í‡∂≠‡∑ä ‡∂ã‡∂±‡∑ä ‡∂ë‡∑Ä‡∑è ‡∂ö‡∂±‡∑ä‡∂±‡∑ô ‡∂±‡∑ë.  ‡∑Ñ‡∑ê‡∂∏‡∂Ø‡∑ô‡∂∏ ‡∂Ω‡∑ö‡∑É‡∑í‡∂∫‡∂ß ‡∂±‡∑ê‡∂≠‡∑î‡∑Ä ‡∂ú‡∑ô‡∂Ø‡∂ª‡∂∏ ‡∂≠‡∑î‡∂±‡∂¥‡∑Ñ ‡∑Ñ‡∂Ø‡∑è ‡∂ú‡∂±‡∑ä‡∂± ‡∂¥‡∑î‡∂Ω‡∑î‡∑Ä‡∂±‡∑ä‡∂±‡∑ô.
44,1054678393046818816,806420239789527040,Tue Oct 23 10:18:18 +0000 2018,"‡∂Ö‡∂ª ‡∂∏‡∑è‡∂∞‡∑ä‚Äç‡∂∫‡∑Ä‡∑ö‡∂Ø‡∑í‡∂∫‡∑è‡∑Ä ‡∂ë‡∑Ñ‡∑ô‡∂∏ ‡∂∏‡∑ê‡∂ª‡∑î‡∑Ä‡∑è ‡∂±‡∂∏‡∑ä ‡∂í ‡∂≠‡∂∏‡∑ä‡∂∂‡∑í ‡∂ª‡∂ß‡∑ö ‡∂ª‡∂¢‡∂≠‡∑î‡∂∏‡∑è, ‡∂Ö‡∂¥‡∑ö ‡∂ª‡∂ß‡∑Ä‡∂Ω‡∑í‡∂±‡∑ä ‡∂∏‡∑ô‡∑Ñ‡∑ô‡∂ö‡∑è‡∂ª‡∂ö‡∂∏‡∑ä ‡∑Ä‡∂Ω‡∂ß ‡∂∫‡∂± ‡∂ú‡∑ë‡∂´‡∑î ‡∂∏‡∑í‡∂±‡∑í‡∑É‡∑ä‡∑É‡∑î‡∂±‡∑ä‡∂ß ‡∂í ‡∂ª‡∂ß ‡∑Ä‡∑ê‡∑É‡∑í‡∂∫‡∑ù ‡∂ö‡∑ú‡∑Ñ‡∑ú‡∂∏ ‡∑É‡∂Ω‡∂ö‡∂±‡∑Ä‡∑è ‡∂á‡∂≠‡∑í‡∂Ø ‡∂ö‡∑í‡∂∫‡∂Ω‡∑è ‡∂¥‡∑ú‡∂©‡∑ä‡∂©‡∂ö‡∑ä ‡∑Ñ‡∑í‡∂≠‡∂¥‡∂Ω‡∑ä‡∂Ω‡∂ö‡∑ù."
45,1053645915750313985,359365989,Sat Oct 20 13:55:36 +0000 2018,‡∂Ø‡∂π‡∂Ø‡∑ô‡∂´‡∑í‡∂∫‡∑ô ‡∂∏‡∑è‡∑Ñ‡∑è‡∂ª‡∂ú‡∂∏ ‡∑Ñ‡∂±‡∑ä‡∂Ø‡∑í‡∂∫‡∑ô ‡∂≠‡∂∏‡∑ä‡∂∂‡∑í ‡∂¥‡∂Ω‡∑ä‡∂Ω‡∑í‡∂∫‡∂ß ‡∂ö‡∑ù‡∂†‡∑ú‡∂ö‡∑ä ‡∑Ä‡∑ô‡∂±‡∑ä‡∂± ‡∑Ä‡∂Ç‡∂ú‡∑î‡∑Ä ‡∂ö‡∑í‡∂∫‡∂Ω ‡∂∂‡∂Ω‡∂±‡∑ä‡∂±‡∑ô ‡∂±‡∑ê‡∂≠‡∑í‡∑Ä ‡∂Ö‡∂¥‡∑ö ‡∂ã‡∂±‡∑ä ‡∂∂‡∑î‡∂Ø‡∑î ‡∂¥‡∑í‡∑Ö‡∑í‡∂∏‡∑ô ‡∑Ñ‡∑ê‡∂Ø‡∑î‡∑Ä. ‡∂Ø‡∑ê‡∂±‡∑ä ‡∂¥‡∂©‡∑î‡∂ª‡∑î ‡∂Ø‡∑è‡∂±‡∑ä‡∂± ‡∑Ä‡∑è‡∑Ñ‡∂± ‡∂±‡∂≠‡∂ª ‡∂ö‡∂ª‡∂±‡∑Ä. ‡∑É‡∑è‡∂∞‡∑î ‡∂ö‡∑í‡∂∫‡∂±‡∑Ä. ‡∂¥‡∑è‡∂ª‡∂≠‡∑ä ‡∂â‡∂© ‡∂∏‡∂Ø‡∑í‡∂±‡∑ô. ‡∂∂‡∑ä‡∂Ω‡∑ú‡∂ö‡∑ä ‡∂ë‡∂ö ‡∑Ñ‡∑ê‡∂Ø‡∑ô‡∂±‡∑Ä.   ‡∑Ñ‡∑ñ ‡∑Ñ‡∑ñ ‡∑Ñ‡∑ñ ‡∂≠‡∂∏‡∑ä‡∂∂‡∑í‡∂±‡∑ä‡∂ß ‡∑Ñ‡∑ú‡∂Ø ‡∑Ä‡∑ê‡∂©‡∑ö. ‚Äî... https://t.co/hOAQIgB4WG
46,1052993617344614400,3334390273,Thu Oct 18 18:43:36 +0000 2018,"|Ôø£Ôø£Ôø£Ôø£Ôø£Ôø£Ôø£Ôø£Ôø£Ôø£Ôø£Ôø£|
   ‡∑Ñ‡∂±‡∑ä‡∂Ø‡∑í‡∂∫‡∑ô ‡∂¥‡∑ú‡∂Ω‡∑í‡∑É‡∑í‡∂∫‡∑ô‡∂±‡∑ä 
   ‡∂¥‡∂ª‡∑í‡∑É‡∂∏‡∑í‡∂±‡∑ä ‡∂¥‡∂Ω‡∂∫‡∂Ç ‡∂∏‡∂Ω‡∑ä‡∂Ω‡∑í ‚ù§Ô∏è
|ÔºøÔºøÔºøÔºøÔºøÔºøÔºøÔºøÔºøÔºøÔºøÔºø| 
                \ (‚Ä¢‚ó°‚Ä¢) / 
                  \      / 
                    ---
                    |   |"
