instance_id,id,user.id,created_at,text,class
0,1068438343363387392,1068429951865544704,Fri Nov 30 09:35:26 +0000 2018,"""RT @AmithWeerasing3: 2018-11-27 දින ඒකාබද්ධ විපක්ෂයේ මාධ්‍ය ලේකම් රේණුක පෙරේරා මහතාගේ නිවේදනයට අදාාලව අමිත් වීරසිංහ කල මාධ්‍ය සාකච්ඡාව..…""",Neutral
4,1068015734981152768,1062914938702770176,Thu Nov 29 05:36:08 +0000 2018,"""RT @AmithWeerasing3: මා UNP හෝ ඒකාබද්ධ විපක්ෂය මගින් හෝ දැනට පවතින කිසිම පක්ෂයකින් ඡන්දයකට ඉදිරිපත් වෙනවා කියා නැ.. ඒකාබද්ධ විපක්ෂය වැනි වි…""",Neutral
5,1068003223607435264,150942005,Thu Nov 29 04:46:25 +0000 2018,"""@dead_mans_creed @Wind_Desika කිමද මේ තරම් කොහේදෝ ඇති විදපු ගලක් හා උරන මා මිතුරු පරය?""",Neutral
10,1067733521052004353,2483063340,Wed Nov 28 10:54:43 +0000 2018,"""@MrThila_ @maalupaan @punchi_kella @anuwa01 @da_sukiya එහෙම කොහොමද උනේ 😂😂 පරය අපිව අයින් කරල නේ 😂""",Neutral
11,1066688783557378049,2203056031,Sun Nov 25 13:43:18 +0000 2018,"""විමලයා ගොනෙක් වගෙ stage එකෙ මෑරෙන්න හදනවා.... පරය. රටට වෑඩක් කරපන් යකො. හොරා....""",Neutral
12,1065238842079367168,927065408,Wed Nov 21 13:41:45 +0000 2018,"""RT @SaliyaT_R: @fernandoharin ලැජ්ජයි ස⁣හෝදරයා මේ යන විදිහ දැක්කාම. ඔබලාගේ මේ කුලල්කෑම නිසා වාසි ගන්නේ තම්බි වහබ්වාදීන් සහ දෙමළ බෙදුම්වාදීන්""",Racist
13,1065221534548029441,2876666923,Wed Nov 21 12:32:59 +0000 2018,"""@fernandoharin ලැජ්ජයි ස⁣හෝදරයා මේ යන විදිහ දැක්කාම. ඔබලාගේ මේ කුලල්කෑම නිසා වාසි ගන්නේ තම්බි වහබ්වාදීන් සහ දෙමළ බෙදුම්වාදීන්""",Racist
14,1064804039018377216,3089536357,Tue Nov 20 08:54:00 +0000 2018,"""@She_is_Nu @nthathsaranii ඇයි මං තම්බි වගේද පෙන්නෙ😏 මං බ්‍රහස්පතින්දා ගෙදර එන්නෙ..එතකොට සිකුරාදට හොද අඩව්වක් අල්ලන්න තිබ්බා ආවනම්😅""",Neutral
15,1063872180180721675,1059653431676276737,Sat Nov 17 19:11:08 +0000 2018,"""@Sagara_9 ඉටිම් බං උතුර ඉල්ලනසෙට් එකයි නැගෙනහිරපඉල්ලන තම්බි සෙට් එකයි අයිං කොරපා බැලුවොත් බං රනිල් පරාදයි නෙහ්""",Neutral
16,1063849019661664256,2876666923,Sat Nov 17 17:39:06 +0000 2018,"""RT @SaliyaT_R: පේනවානේ තම්බි කවදත් ඉන්නේ උන්ට වාසි පැත්තේ. එහෙම ඉදගෙන උන්ගේ ශරියාව සහ උන්ගේ බෝවීම ස්ථාවර කරගන්නවා. උන්ගේ ටාගට් එක රටේ බහුතර…""",Racist
20,1063810001913954304,1061573557468254208,Sat Nov 17 15:04:03 +0000 2018,"""මේ පරය තමයි #fakenews වපුරන්නෙ https://t.co/yVOaR51cPn""",Neutral
21,1063646517330878464,234496963,Sat Nov 17 04:14:25 +0000 2018,"""RT @ApiWenuwen: ඉතිහාසය ඉදිරියේ මෙවැනි හෙළිදරවුවක් කිරීමට අවකාශය දුන් @pcranawaka අපගේ ප්‍රණාමය පුද කල යුතුයි. පසු ගිය කාලයේ මේ රටේ ඇතිවූ…""",Neutral
23,1063581826810175488,971369950333071360,Fri Nov 16 23:57:22 +0000 2018,"""@reeriiyaka @SaliyaT_R ගෙරි හම්බයා ...""",Racist
24,1063581014784495616,971369950333071360,Fri Nov 16 23:54:08 +0000 2018,"""@reeriiyaka @SaliyaT_R පළ පළ තම්බි හු....නා තමන්ගේ වැඩක් බලාගෙන හිටු.. අපි අපේ රට ගැන බලා ගන්නම් .. අවජාතකයා""",Racist
25,1063580547715219457,751391240386650116,Fri Nov 16 23:52:17 +0000 2018,"""@reeriiyaka @SaliyaT_R අඩෝ තම්බි පරයා .. කට වහගෙන හිටු. අල්ලාහ්ගේ හොර ගැනිට අයේශට පෝලින් දානවා පරයා.. ආ අර වයසක කඩීජා ත් හොදයි හැබැයි""",Racist
26,1063419199337447424,2805958826,Fri Nov 16 13:11:09 +0000 2018,"""කාද යකෝ ඕසදීව ඩීප්ෆ්‍රීසර් එකෙ හිර කරල තිබ්බ පරය 👹️ https://t.co/Xn9MbcO9X9""",Neutral
28,1063377164647559168,1954236222,Fri Nov 16 10:24:07 +0000 2018,"""RT @ApiWenuwen: ඉතිහාසය ඉදිරියේ මෙවැනි හෙළිදරවුවක් කිරීමට අවකාශය දුන් @pcranawaka අපගේ ප්‍රණාමය පුද කල යුතුයි. පසු ගිය කාලයේ මේ රටේ ඇතිවූ…""",Neutral
31,1063104497910657025,1062381084250275841,Thu Nov 15 16:20:38 +0000 2018,"""එක පැත්තකින් බැලුවාම උඩතලවින්නේ තම්බි දණ ගැස්සු චරිතයක් තමා ලොහාන් කියන්නේ .. https://t.co/J1Jc6n6Z6v""",Racist
32,1062778763899887616,751391240386650116,Wed Nov 14 18:46:17 +0000 2018,"""RT @___journalist: සිංහලයාට සිංහල පක්ෂ නැතිමුත් දෙමළාට ඉලම වෙනුවෙන් පක්ෂ ඇත. තම්බියාට තම්බි වහබ්වාදය වෙනුවෙන් තම්බි පාර්ලිමේන්තුවේ ඇත. මේ…""",Racist
33,1062778705376759808,751391240386650116,Wed Nov 14 18:46:03 +0000 2018,"""RT @___journalist: #Muslim ලෝකයටම පිළිලයක් වු මරක්කල කරණය (වහබ්වාදය) #Srilanka වෙන් තුරන් කළ යුතු කාලය පැමිණ ඇත. සැවොම එකයි කියමින් වෙනම ක්…""",Racist
34,1062551586591793152,186032870,Wed Nov 14 03:43:34 +0000 2018,"""@dmperera1996 පලයන් පරය""",Neutral
35,1062338624920809472,2326600502,Tue Nov 13 13:37:20 +0000 2018,"""රැවුල කොණ්ඩෙ කපන්න ගිහින් පොඩ්ඩක් කොටකරන්න කිව්වම ඒ පරය කොටටම කපලා 😢😭  බාබරයට හෙණගහන්නෙපැයි කරපු අපරාදෙට😢😢  #disappointed""",Neutral
37,1061821191034490881,960036354204737537,Mon Nov 12 03:21:14 +0000 2018,"""RT @sahankaseera: මුරලිදරන් ගේ ඉන්ටර්වීව් සීරිස් එකේ දෙවනි එක මයුමි රහීම්ස් ගෙනාවා නම් හරි නේද යාළුවනේ. ඔලිම්පික් ප්‍රොෆයිල් එකක්නේ ඉතිං.…""",Neutral
38,1061611747579232257,1061573557468254208,Sun Nov 11 13:28:59 +0000 2018,"""මේ දවස්වල කරු ජයසූරියට සද්දෙට පඩයක් ගියත් ගියත් ඉස්සර වෙලාම දුවන්නෙ තම්බියො ටික....ඒක ඉඹල හරිම හොඳයි හොඳ සුවඳයි කියල කෑ ගහනව. #lka""",Racist
39,1061255372575371266,776628686569168896,Sat Nov 10 13:52:52 +0000 2018,"""@ChamikaCME හම්බයා""",Racist
40,1061143701869613058,2483063340,Sat Nov 10 06:29:08 +0000 2018,"""@nima_dre ගහප් පරය 😂""",Neutral
41,1060700496720125952,1243388803,Fri Nov 09 01:07:59 +0000 2018,"""Music මෙහෙ සමහරුන්ට උනාට සව්දියේ හලාල් Bro☺☺☺ https://t.co/bF0X4C0PB3""",Neutral
42,1060339650718355456,971369950333071360,Thu Nov 08 01:14:07 +0000 2018,"""RT @___journalist: #SriLankanPolitics පෙනි පෙනී සිදුවන විකිණිම සහ මිලට ගැනීම හමුවේ හුරේ දාන මොඩ ඡන්ද දායකයන් දුටුවිට .. අහෝ අප සිරබත් කෑවේ…""",Neutral
43,1060180934216032256,3165646736,Wed Nov 07 14:43:26 +0000 2018,"""RT @MaheshNegombo: මායි හම්සයි එක ඔපිස් එකේ වැඩ කරද්දී පොඩි සෙමින එකක් තිබ්බ. පිටින් කය්ටිය ආව. ඒකට ලස්සන මුස්කිම් කෙල්ලෙක් ආව. මම හම්සට පෙ…""",Neutral
45,1059602346219577344,3165646736,Tue Nov 06 00:24:20 +0000 2018,"""RT @IamRanga69: * හිස්බුල්ලා ආවා.. හලාල්, බුර්කා, මුස්ලිම් ආක්‍රමන විසදුනා. * TNA එස් වියාලේන්ද්‍රන් ආවා  ලංකාවේ කොටි ප්‍රශ්නයත් විසදුනා  #…""",Neutral
46,1068537003778535425,150624162,Fri Nov 30 16:07:28 +0000 2018,"""@VGajanatha උඹලැ බලුමූනු අමිත්ගේ බණ අහල අන්න තව්හිද් ජමා සහ තම්බි අන්තවාදීන් සෙට් එක සෝවාන් වෙල .උඹල උන්ව හරිමගට ගත්ත නේ.. අනෙ හුකේ..   එකේක විකාර අවුස්සල වීඩියෝ දාල රට ඉන්න කොල්ලන්ගෙන් සල්ල්ලි හිඟාකනෝ.. ඒව ගසාකනෝ.. තොපිද් දැනුවත්ව හෝ මෝඩ කමට ඕ ගස්නරින්ට කඩේ යනව..""",Racist
47,1068399401385713665,150624162,Fri Nov 30 07:00:41 +0000 2018,"""@VGajanatha මිනිස්සු කුලප්පු කරන් ගිහින් තන්බිගෙ කඩ ගිනිතිව්වා.. පස්සෙ තම්බි ඒ එක කඩේට තුන්හතරපාර වන්දි ගත්තා.. ආන්ඩුවෙන් එකපාරයි.. පල්ලියෙන් තවපාරයි.. පොටෝ යවල රට රටවලින් තව ආදාර.  දැන් තොපි හිතාන ඉන්නව අමිත් අයියා තම්බියට ඇරිය.. තම්බියට කෙලිය කියල..  උන්ට තිබ්බටත් වඩා හොඳයි..""",Racist
48,1068028089714696193,1060476561785155586,Thu Nov 29 06:25:14 +0000 2018,"""2018-11-27 දින ඒකාබද්ධ විපක්ෂයේ මාධ්‍ය ලේකම් රේණුක පෙරේරා මහතාගේ නිවේදනයට අදාාලව අමිත් වීරසිංහ කල මාධ්‍ය සාකච්ඡාව..         ""Unp ය දේශද්‍රෙහි පක්ෂයකටවත් බුද්ධ පූජාව පවා හලාල් කල ඒකාබද්ධ විපක්ෂයටවත් එකතු වෙන්නේ නැ.."" Vidio නරඹන්න https://t.co/i7Rf2k3lYH""",Neutral
49,1067792154716565504,1060476561785155586,Wed Nov 28 14:47:42 +0000 2018,"""මා UNP හෝ ඒකාබද්ධ විපක්ෂය මගින් හෝ දැනට පවතින කිසිම පක්ෂයකින් ඡන්දයකට ඉදිරිපත් වෙනවා කියා නැ.. ඒකාබද්ධ විපක්ෂය වැනි විල්පත්තුව විනාශ කල, ශ්‍රී පාදය අරාබියට විකුණු, හලාල් ගෙන ආ, බැංකු පවා ෂරියා කල, පක්ෂයකට කොහොමත් එක් වන්නේ නැ,. (18/11/28 මාධ්‍ය සාගච්ඡාව අමිත් වීරසිංහ) https://t.co/BhrH0JALWG""",Neutral
50,1067566549496676352,2701664156,Tue Nov 27 23:51:14 +0000 2018,"""නසිය කිව්වත් 👊 නානා  කිව්වත් 👍 තම්බි කිව්වත් 💪 කිව්වේ ආදරයට 😍 Mohamed Nazeem අපේ ආදරණිය සටන් සගය  👏 බෙදුනු රටක් එක්කරන්න  දිවි පරදුවට තියලා ගේමක් ගහපු කොල්ලෙක් 🙏 නම Nazeem නිසා 😀 නසිය කියනවා 😍 මුස්ලිම් සහෝදරයෙක්... https://t.co/RlH5FWrxKb""",Neutral
53,1063369999069327360,3189787423,Fri Nov 16 09:55:38 +0000 2018,"""ඉතිහාසය ඉදිරියේ මෙවැනි හෙළිදරවුවක් කිරීමට අවකාශය දුන් @pcranawaka අපගේ ප්‍රණාමය පුද කල යුතුයි. පසු ගිය කාලයේ මේ රටේ ඇතිවූ මුස්ලිම් - සිංහල ජාතිවාද කෝලහාල පිටුපස සිටියේ කවුද ? හලාල් ගෙනත් ජාතියක් වැනසීමට ජාතිවාදය අවිස්සුවේ කවුද ? අද කොහොමද මෙහෙම අගසවු තබාගෙන ඉන්නේ @Neetwit https://t.co/RjS6a9hHb7""",Neutral
54,1063366711171317760,1061573557468254208,Fri Nov 16 09:42:34 +0000 2018,"""@ZayeemZiyadh @HarshadeSilvaMP @MaithripalaS @RW_UNP @PresRajapaksa තම්බිය.....උඹට ආගමක් ඇදල ගන්නම ඕන නේද වල් ඌර ? හිටපං උබෙ FB ගේම Youth Council එකට යවනකන්""",Racist
55,1063364448906371072,2343977528,Fri Nov 16 09:33:35 +0000 2018,"""නිකමට අහන්නෙ,  - එදා පාර්ලිමේන්තුවේ විශ්වාසභංගයට පක්ෂව ඡන්ද 122ක් ලැබුණම සමාජ මාධ්‍යවල වගේම සමාජයෙත් පැතිරුණා මතයක්, ඒ දෙමලු සහ තම්බි එකෙක්වත් මහින්ද මහත්තයා එක්ක නැහැ සිංහලුනේ අවදිවව් කියලා.   (දැන් අපි තේරුම්... https://t.co/CzkMdVX4mx""",Racist
56,1062772611006877696,2876666923,Wed Nov 14 18:21:50 +0000 2018,"""@Chandhi_Surangi තම්බි හැත්ත මැරිලා නැද්ද .. අල්ලාහ් ලංකාවට ඇවිත් ලු පාර්ලිමේන්තුවේ අල්ලාගේ පුත්තු දිනනවාද බලන්න. ඒ හින්දා වැස්ස වලායක දෙයියෝ කුවෙට් එකෙන් පොඩි ආතල් එකක් අරන්.. පවු අප්පා..""",Racist
58,1062285493482606593,2876666923,Tue Nov 13 10:06:12 +0000 2018,"""@zeffb @GaloreRoasts @RajapaksaNamal @PodujanaParty @MaithripalaS @PresRajapaksa තම්බි නානා... උබගේ අදහස් මට වැදගත් නැ.. අනික උබට බැ මාගේ අදහස් කීම නවත්වන්න.. ගෙරිකම පිහිදාගෙන උබලාගේ දේ තියෙන අරාබියට පලයල්ලා.. එහෙටත් උබලාව ගන්නේ නැනේ.. ඒ නිසා සිංහල සංස්කෘතියට ගරුකරමින් ජීවත්වෙයන්.. නිකන් පොර ටොක්ස් නැතුව.. ඉතා ඉවසීමෙන් මේ ටික ලීවේ..""",Racist
59,1062204603675095040,391857328,Tue Nov 13 04:44:46 +0000 2018,"""අර හලාල් විතරයි කන්න ඕන කියල නීති ගෙනාවේ මේ උන්දැලා නේද? . 2013/2014 ලංකාවේ ඇතිවුන ප්‍රධාන ගැටලුවට හේතුවුන මේ අන්තවාදී සංවිධාන එක්ක සාකච්ඡා කලාට වැඩක් නෑ... කොහොමත් ඒ අය ඔය මහත්වරුන්ට ඡන්දය දෙන්නෙ නෑ නෑ නෑමයි https://t.co/wmJUj2LQxH""",Neutral
60,1061808515025637376,3262559941,Mon Nov 12 02:30:52 +0000 2018,"""මුරලිදරන් ගේ ඉන්ටර්වීව් සීරිස් එකේ දෙවනි එක මයුමි රහීම්ස් ගෙනාවා නම් හරි නේද යාළුවනේ. ඔලිම්පික් ප්‍රොෆයිල් එකක්නේ ඉතිං. ලංකාවේ ඉන්න හඩු පෙරාගත්ත තම්බි වගේද අනේ රහීම්ස් ලා.   එයාගෙන් අහන්න ඕනේ පශ්චාත් සුනාමි සංවර්ධන... https://t.co/ssst4V8KOJ""",Racist
61,1061601419499687937,2876666923,Sun Nov 11 12:47:56 +0000 2018,"""සිංහලයාට සිංහල පක්ෂ නැතිමුත් දෙමළාට ඉලම වෙනුවෙන් පක්ෂ ඇත. තම්බියාට තම්බි වහබ්වාදය වෙනුවෙන් තම්බි පාර්ලිමේන්තුවේ ඇත. මේ දෙගොල්ලන්ගෙන් බේරෙන්නට සිංහල පක්ෂයක් හෝ සිංහල දේශපාලකයෙක් අවශ්‍යයයි. සොයා දිය හැකි අයෙක් සිටිත් ද? https://t.co/F3RAtUxmfs""",Racist
62,1060232158378250241,2876666923,Wed Nov 07 18:06:59 +0000 2018,"""#SriLankanPolitics පෙනි පෙනී සිදුවන විකිණිම සහ මිලට ගැනීම හමුවේ හුරේ දාන මොඩ ඡන්ද දායකයන් දුටුවිට .. අහෝ අප සිරබත් කෑවේ මෙවන් පිරිසක් උදෙසාද යැයි සිතේ. යකාගේ හැටියට විමානය සේ ජනතාවට අනුව පාර්ලිමේන්තුවේ පිරිසද ""තකට තක"" ය. තම්බි දැන් මේ පැත්තේය. ඉස්සර උන් අර පැත්තේය. https://t.co/sT5hNn4qxQ""",Racist
63,1060220597735583745,246224922,Wed Nov 07 17:21:03 +0000 2018,"""මායි හම්සයි එක ඔපිස් එකේ වැඩ කරද්දී පොඩි සෙමින එකක් තිබ්බ. පිටින් කය්ටිය ආව. ඒකට ලස්සන මුස්කිම් කෙල්ලෙක් ආව. මම හම්සට පෙන්නුවා ""අඩෝ අර තම්බි කෑල්ල පට්ටනේ"" කියල.. මූ කියාපි   ""හු^^ටෝ ඒ මගේ අක්කා"" කියල  😐😐😐😐 #මතක""",Sexism
65,1072725143024226309,891470428685848576,Wed Dec 12 05:29:39 +0000 2018,"""මත්කද හුත්තො ? 2012/12/12 ලොක විනාසේ ඇවිත් මුලුලොකෙම විනාස උනා.....අදට අවුරුදු 6;මිය ගිය සිය්ලුදෙනාටම  නිවන් සුව පතන්න..""",Neutral
66,1072723911807127552,154800409,Wed Dec 12 05:24:45 +0000 2018,"""@vithanagedanu යකෝ උඹට ඕනි විදිහට සිංහල අකුරු ගලපන්න බෑ. අකුරු හරියට ලියන්න බැරිනම් සිංහලෙන් නොදා හිටු 😡""",Neutral
67,1072705591049637888,3049875241,Wed Dec 12 04:11:57 +0000 2018,"""රට බෙදන සියළු කොන්දේසි වලට අද රනිල් ලිඛිතව එකඟ වී දෙමළ සංධානයේ සහය ලබා ගනී!""",Neutral
68,1072702778756149248,39088809,Wed Dec 12 04:00:46 +0000 2018,"""@erangatennakoon @dudeum_Nethu අනිවාර්යයෙන් හම්බ කරලා කාලා බීලා ආතල් එකේ ඉන්න ඕන.සැපේ""",Neutral
69,1072697971010002944,39088809,Wed Dec 12 03:41:40 +0000 2018,"""@AmithMalinga සල්ලි නෑ බොල.ඩොලර් 100ක් හම්බ කලොත් 15$ක් GST.28$ ක් ආදායම් බදු.ලේසි නැ""",Neutral
70,1072683421888065536,2241076410,Wed Dec 12 02:43:51 +0000 2018,"""අම්ම ගාව තියනව බං එයාගෙං ඉල්ලගනිං -මීට තාත්ති😁 https://t.co/HvY0U2IvuM""",Neutral
71,1072638464464695296,1003030446572068864,Tue Dec 11 23:45:13 +0000 2018,"""sinhala hot gossip -සිංහල බෞද්ධ සේවකයන්ට සුළු ජාතික නිළදාරින්ගෙන් කරදර ප... https://t.co/NDbFk48RbT via @YouTube""",Neutral
72,1072596194570964992,8241312,Tue Dec 11 20:57:15 +0000 2018,"""RT @ranjanieguruge: මඩ කරි රංජා මාව බොලොක් මෙන්න මේක ඌට ටැග් කරපල්ලා කවුරැහරි... හිටපු ආරක්ශක ලේකම් ටයි.. බේරැවල හිටපු නගරාධිපතිටයි බුකියෙ…""",Neutral
73,1072577286036168704,835869892129742848,Tue Dec 11 19:42:07 +0000 2018,"""@BortoneA මෙහ් හුත්තො 🙄""",Neutral
74,1072540519610359808,40320649,Tue Dec 11 17:16:01 +0000 2018,"""RT @SajadLankan: @HarshadeSilvaMP @MaithripalaS @RW_UNP @USAmbSLM @USAmbKeshap හර්ශ මචං, එතකොට ඔය grant එක දුන්නේ UNP එකටද නැත්තන් රටක් හැ…""",Neutral
75,1072538656303443969,233860469,Tue Dec 11 17:08:37 +0000 2018,"""@SLpathumaa @Wind_Desika වයස ගැන කියල දෙන්න උබ හෙන වයස එකාද. අනෙ මේ පලයං බං යන්ඩ.""",Neutral
77,1072520264527896577,700069412,Tue Dec 11 15:55:32 +0000 2018,"""හදිසියක් උනාම එක කෝල් එකෙන් හරි අරන් පලයන් කිවුව Muthu අයියා තැන්කූ ❤️""",Neutral
79,1072495909924192258,943600750197747713,Tue Dec 11 14:18:45 +0000 2018,"""@iamgayash ඒ උනාට සිංහල නෑනෙ""",Neutral
80,1072495656529522689,154800409,Tue Dec 11 14:17:45 +0000 2018,"""@iamgayash 😂😂😂 මම පබ්ලිසිටි අරන් දෙන්නම් .. උඹ ගේම ගහගෙන පලයන්""",Neutral
81,1072494721447149571,950593107761885184,Tue Dec 11 14:14:02 +0000 2018,"""@Madhushankhani @nwty_ck උබ පලයන් යන්න😂😂""",Neutral
82,1072492378395684865,777383704368775168,Tue Dec 11 14:04:43 +0000 2018,"""@hashikalpana මොංගල් ද 😑 පලයන් බන් යන්න""",Neutral
83,1072488220087193601,135779262,Tue Dec 11 13:48:12 +0000 2018,"""@tikirimaarie කොටුවෙන් ගත්තෙ සීයට තුනක් හම්බ උනා 😂🔫""",Neutral
84,1072465937427775489,873550645000888320,Tue Dec 11 12:19:39 +0000 2018,"""RT @IndrajithLk: ලබන 2019 වසරේදී සිංහල සිනමාව වෙනුවෙන් නිකුත් වීමට නියමිත චිත්‍රපට කිහිපයක් මේ Thread එකෙන් ඔබට බලාගත හැකිය. https://t.co/8…""",Neutral
86,1072463717705625600,2456992327,Tue Dec 11 12:10:50 +0000 2018,"""RT @LankadeepaNews: දෙමළ සන්ධානය එජාපයට හේත්තු වූ හේතුව ධර්මලිංගම් කියයි https://t.co/slqs1tyYhk""",Neutral
87,1072453030795198464,1057504418814402560,Tue Dec 11 11:28:22 +0000 2018,"""@vishiru @iamgayash සිංහල අකුරු පොඩ්ඩක් ලොකුයි වගේ !! ඒකයි ඇහුවේ !!""",Neutral
88,1072448754693890049,40320649,Tue Dec 11 11:11:22 +0000 2018,"""RT @ApiWenuwen: @sunandadesh @MaithripalaS මේක ලෝකෙට කියන්නත් @WeerawansaWimal හදුන්වන්න ඕනේ "" සිංහල ජාතිකයෙක් "" හැටියට. අම්මපා මුන් මොන #S…""",Neutral
89,1072443179226537984,1095964688,Tue Dec 11 10:49:13 +0000 2018,"""ජනපති ගේ පිස්සු නැටිල්ල ගැන BBC සිංහල සේවය ලියූ දිග ලිපිය https://t.co/5V4S2n8VPs""",Neutral
90,1072431650372493317,894197701591482368,Tue Dec 11 10:03:24 +0000 2018,"""සිංහ ලග්නය - Leo - 2019 නව වසර ඔබට කොහොමද? මෙන්න... https://t.co/ZDTKfYxdTC""",Neutral
91,1072423489175543808,2566160414,Tue Dec 11 09:30:59 +0000 2018,"""මොකද්ද මතක් උන සිංහල සින්දුව? https://t.co/pjwsdaQKv8""",Neutral
92,1072422069374255104,213306799,Tue Dec 11 09:25:20 +0000 2018,"""@DJSlash9 ඔව් ඔව්, ගෙදරක හැදුවොත් තමයි ඉතින්. නිවාඩුවට කොස් තියෙන කාලෙට ගෙදර ගියොත් ඉතින් ඔය මෙනු එක මට හම්බ වෙනවමයි.""",Neutral
93,1072418692795912192,455664704,Tue Dec 11 09:11:55 +0000 2018,"""@officialunp සරල සිංහල ව්‍යාකරණ වත් දන්නෙ නැති එකෙක් මේක දාල තියෙන්නෙ. රට හදන්න කලින් තමන්ගෙ මව් භාෂාව වත් ඉගෙනගෙන වරෙන්. පක්ෂයටත් අපහාසයක්.""",Neutral
94,1072412080957984768,911206472956223488,Tue Dec 11 08:45:39 +0000 2018,"""@vithanagedanu අනේ පලයන් හූනූ පැටියෝ යන්න.. දෙහි ගෙඩි දෙකක් තරම් උස නෑ එනවා මාව මරන්න...😂😂😂""",Neutral
95,1072398662662307841,371776216,Tue Dec 11 07:52:20 +0000 2018,"""BBC News සිංහල - ඊෂා අම්බානි: ඉන්දියාවේ ධනවත් ම පුද්ගලයාගේ දියණියගේ උත්කර්ෂවත් විවාහය https://t.co/H0Y7TtbGEB""",Neutral
96,1072376705602519040,156226048,Tue Dec 11 06:25:05 +0000 2018,"""ආච්චිට සීයා හම්බ වුනොත් හුරගෙන කනවලු https://t.co/1DG7ohdnjT""",Neutral
100,1072374597075550208,751674122359476224,Tue Dec 11 06:16:42 +0000 2018,"""RT @hamsoon: BBC News සිංහල - අකිල ධනංජයගේ පන්දු යැවීමේ විලාසය නීති විරෝධීයි - අයිසීසී https://t.co/0RXGDl3wEf""",Neutral
101,1072374091565490176,751674122359476224,Tue Dec 11 06:14:41 +0000 2018,"""RT @hamsoon: BBC News සිංහල - ශ්‍රී ලංකාවේ දේශපාලන අර්බුදය: සති හයක් ඉක්මවා ගිය අර්බුදයේ සුවිශේෂ අවස්ථා https://t.co/Dyx4eswMwP""",Neutral
102,1072374070757548033,751674122359476224,Tue Dec 11 06:14:36 +0000 2018,"""RT @hamsoon: BBC News සිංහල - ශ්‍රී ලංකාවේ දේශපාලන අර්බුදය: ජනපති මෛත්‍රීපාල සිරිසේනගේ මානසික සෞඛ්‍යය ගැන අභියාචනාධිකරණයට පෙත්සමක් https://…""",Neutral
103,1072374003967426562,751674122359476224,Tue Dec 11 06:14:20 +0000 2018,"""RT @hamsoon: BBC News සිංහල - ශ්‍රී ලංකාවේ දේශපාලන අර්බුදය විසඳීමට ජනපති දුන් සහතික කාලය තව දිනකින් අවසන් https://t.co/Thrv2mJWjV""",Neutral
104,1072371804549906432,751674122359476224,Tue Dec 11 06:05:36 +0000 2018,"""RT @LankadeepaNews: දෙමළ සන්ධානය එජාපයට හේත්තු වූ හේතුව ධර්මලිංගම් කියයි https://t.co/slqs1tyYhk""",Neutral
108,1072343176223047680,972029107910295552,Tue Dec 11 04:11:51 +0000 2018,"""RT @cleanpoltics: @HarshadeSilvaMP ලංකාව =මෆියාලන්තය ඡනාධිපති=මෆියාඅධිපති අගමැති=මෆියාපති අැමති=මෆියාමැති නියොඡය අැමති =නියොඡය මෆියාමැති  ම…""",Neutral
109,1072333935592509441,2273227560,Tue Dec 11 03:35:07 +0000 2018,"""ගරාජ් රස්සාවක් කල නිසා අතඅැරපු පෙම්වතාව වසර 7 කට පස්සේ හම්බ උන උපාධිධාරිනිය විමතියට පත් උනා..... https://t.co/OVBRtT6sbf""",Neutral
110,1072326401796333568,40320649,Tue Dec 11 03:05:11 +0000 2018,"""RT @sraddhabuddhi: ""රනිල්ට කිසි දා ඡන්දයෙන් විධායක ජනාධිපති වෙන්න බැහැ. දෙමළ ජාතිවාදීන්ට සන්ධීය රාජ්‍යය පිහිටුවා ගන්න  විධයක ජනාධිපති බාධාව…""",Neutral
111,1072312760116105217,128910982,Tue Dec 11 02:10:59 +0000 2018,"""@AmithMalinga පලයන් යකො යන්න! ලෙඩ පිට දිව්වෙ හහ්! 🤪🤪🤪""",Neutral
113,1072305552963854337,4286572754,Tue Dec 11 01:42:20 +0000 2018,"""ගුම්මෝනින් ප්‍රෙන්. පුලුවන් එකෙක් ඉන්නවනම් කියාගෙන පලයන්. 😂😂😂😂😂😂""",Neutral
114,1072302492694786048,722672039937589248,Tue Dec 11 01:30:11 +0000 2018,"""ජනපති ට දුන් කාලය අවසානයි.  දැන් පලයන්""",Neutral
115,1072297005601427456,1057504418814402560,Tue Dec 11 01:08:23 +0000 2018,"""@ThiranjaJ මැද අම්ම දෙපැත්තෙ දරුවෝ දෙන්න !!😂""",Neutral
116,1072283401854574592,2669764304,Tue Dec 11 00:14:19 +0000 2018,""""" සල්ලි .... හම්බ කරන්නාට දුකත් , වියදම් කරන්නාට සැපත් ගෙන දේ ...  [ Shewan ] 😊🤔😊 https://t.co/01QEZERSll https://t.co/Qk6wwWOnwO""",Neutral
117,1072248843037696000,1219328588,Mon Dec 10 21:57:00 +0000 2018,"""RT @MaheshNegombo: පුවත 1: අම්පාරෙ කඩේක හොද්දක පිටි ගුලියක්.  "" යකෝ හම්බයො පෙති දාල ජාතිය වඳ කරනෝ රට ජාතිය අනතුරේ සිංහල ලේ කකියනෝ යන්නෙත්…""",Racist
119,1072201048247361543,982608810928844801,Mon Dec 10 18:47:05 +0000 2018,"""RT @pasiya14: යසිත් මාලිංග ඇවිත් හිටියා දොඩන්දුවේ මලු ලැල්ලට තාත්තා හම්බ වෙන්න  බස් එකෙන් බැහැලා ගිහින් පොටො එකක් ගහන් එන්න හිතුනා   ඇපල්…""",Neutral
121,1072164288876339200,189878124,Mon Dec 10 16:21:00 +0000 2018,"""@Wind_Desika බොරු කියන්න ඕනෙ නැ බ්‍රෑන්ඩඩ් ඒව ගන්නෙ හම්බ කරන නිස... සිරාවටම කොලිටි!   ටිම්බර්ලෑන්ඩ් දෙක මරෙනකන්ම තියාගන්න පුලුවන්න්""",Neutral
122,1072153046556336128,826535780155871234,Mon Dec 10 15:36:20 +0000 2018,"""BBC News සිංහල - ඔස්ට්‍රේලියාව: ලෝකයේ අවධානය දිනූ අයෝමය කැන්ගරු 'රොජර්' මිය යයි https://t.co/c7LmhTPuLt""",Neutral
124,1072136461447643141,885844072677625856,Mon Dec 10 14:30:26 +0000 2018,"""RT @IndrajithLk: ""ඝරසරප"" සම්පුර්ණ සිංහල චිත්‍රපටය.  පහළ තියෙන link එකෙන් download කරගන්න. යාළුවන්වත් mention කරල එයාලටත්, මේ link එක දෙන්න.…""",Neutral
125,1072133781119778817,1197328178,Mon Dec 10 14:19:47 +0000 2018,"""@Suvi_DimpleGirl අම්ම ගෙදරින් එලවයි 😂😂😂""",Neutral
126,1072128932843909121,16722822,Mon Dec 10 14:00:31 +0000 2018,"""RT @ajithperakum: ජනාධිපති ඉරනමඩු වැවේ පැරණි ඵලකයක් කඩා බිඳ දැම්මා ය කියන කතාවේ ඇත්ත නැත්ත @prajalanka ඉරනමඩු වැව, ඩඩ්ලි සහ මෛත්‍රී  https:…""",Neutral
127,1072123773334315008,40320649,Mon Dec 10 13:40:01 +0000 2018,"""RT @ApiWenuwen: @Welikumbura @Neetwit ඔවු සමහරවිට. මොකද මේකේ පැහැදිලි ඉල්ලක්කය සිංහල #Buddhist මෝඩයෙක් කිරීමයි. මොකද මේ වැඩේ ඕනෙම කෙනෙකුට…""",Neutral
128,1072123384656482304,40320649,Mon Dec 10 13:38:28 +0000 2018,"""RT @ApiWenuwen: @Ishak1225 @Welikumbura @Neetwit අපේ බොජුන් කිවත් අයිතිකාරයා / වැඩකරන අය සිංහල #Buddhism බවුද්ද නොවෙන්නත් පුළුවන් නේද ?""",Neutral
131,1072118358500356096,40320649,Mon Dec 10 13:18:30 +0000 2018,"""@SLchathu පලයං දකුණු ඉන්දියාවට""",Neutral
132,1072115721046376449,1068429951865544704,Mon Dec 10 13:08:01 +0000 2018,"""RT @AmithWeerasing3: අදින් වසර කිහිපයකට පෙර එක දිනයක්.. අපට හැකිවුනා වත්මන් ශ්‍රී ලංකාව තුල දැවැන්ත සිංහල  සංවිධානයක් ගොඩනගන්න. https://t.c…""",Neutral
135,1072099268515848195,88194176,Mon Dec 10 12:02:38 +0000 2018,"""@imsweetpotato ආ ට්‍රැෆික් තියෙන පාරක් හම්බ වෙලා :D""",Neutral
136,1072096683834494976,865247798559690752,Mon Dec 10 11:52:22 +0000 2018,"""RT @RathuMakaraFM_: අද නඳුන් උයනට සම වැදෙන්න හරියටම රෑ 8 වෙනකොට #රතුමකරාFM වෙත ගොඩ වැදෙන්න @nadun97 එනවා #NadunUyana අරන් ඔයාලව හම්බ වෙන්න.…""",Neutral
137,1072094375725944832,2748359652,Mon Dec 10 11:43:12 +0000 2018,"""👀😜😜👉බොහොම අමාරුවෙන් හොයලා හොයලා හම්බ උනා ඩයල් එක😜😜😆😆😆😄😄😄🤣🤣👇👇👇👇👇 https://t.co/QHPXlFV3RB""",Neutral
138,1072687263925067776,2537581837,Wed Dec 12 02:59:07 +0000 2018,"""රෝමානු කතෝලික වූ අයෙක් සිංහල බෞද්ධ වුණේ ඇයි දැ'යි මගෙන් ප්‍රශ්න කරනවා. උත්තරේ නම් රෝමන්කාරයෝ කතෝලික වෙච්චි; සිංහලයෝ බෞද්ධ වෙච්චි. ඒ හැර ධර්මය සිංහලයාට ම ය; සිංහලයාගේ ය කියා කේවල් කිරීමක් නැත. පරම්පරා පහ හයකට, හත... https://t.co/2l5nu6jnPL""",Neutral
139,1072684120910761985,2496793584,Wed Dec 12 02:46:38 +0000 2018,"""බස් එකේ ඩ්රයිවර් බහිද්දි අහනවා ටීචර් ගොඩක් සල්ලි තියනවද කියලා? මන්  ඇහුවා ඇයි එහෙම අහන්නෙ කියලා.  නෑ ඉතින් නිවාඩු කාලෙත් ක්ලාස් කරලා හම්බ කරනවානේ ලූ. මට ඉතින් දෙය්යනේ සල්ලී තියනව නම් මේම  බස් එකේ යනවද. ගන්නවනේ හෙලිකොප්ටරයක් කියලා කියන්න හිතුනට කිව්වෙ නෑ ඉතින් 😂""",Neutral
141,1072562602490896384,1029595988216897536,Tue Dec 11 18:43:46 +0000 2018,"""@uzumakilahiru @SHINE53969071 අනිත් එක Mcleren P1 හම්බ වෙන්නෙ Garage Level 8 Max වල....හිතනවද Garage Level 8 Max යන්න ලේසියි කියලා....ලොකුකම් තියෙන Noob කෙනෙක්ට වත් යන්න බැහැ....""",Neutral
142,1072554775630233601,212132157,Tue Dec 11 18:12:40 +0000 2018,"""හැම දාම ජනතාව හොදට ඇන්ද වු දේශපාලඥයින් සියල්ලම මේ වන විට උන්ටම හොදටම ඇන්දී ඇත.ඔවුනොවුන්ට හොදට රැවටී අමාරුවේ වැටී ඇත.ඔය මොකා ආවත් කරේ ජනතාව රැවටීම පමණයි. අරුන් දෙමළ අරුන් මුස්ලිම් යේක සිංහල මිනිස්සු කිය කියා මහනතාව... https://t.co/9iMPTbOCjk""",Neutral
144,1072499772488069120,416852441,Tue Dec 11 14:34:06 +0000 2018,"""මං අනිත් දවසේ අත හෝදන්නේ මෙහෙම. මගෙත් එක්ක මෙහෙම අත හෝදන්න කැමති කට්ටිය ඉන්නවනම් ඉන්බොක්ස් කර අමතන්න. (අවුරුද්දකට පස්සේ උත්තර ලැබෙන එක වෙනම කතාවක්) ගැහැණු පිරිමි භේදයක් නෑ (අත හෝදන්නනෙ හුත්ත හැමිණෙන්න නෙමෙයි... https://t.co/gRa7DJjEKm""",Sexism
145,1072475997012967424,28530521,Tue Dec 11 12:59:37 +0000 2018,"""කදිම නිර්මාණයක්. ""ඉතින් සහෝදරවරුණේ"" කාව්‍ය සංග්‍රහයේ අඩංගු කාව්‍යයත් මෙවැනිම රසයක් ගෙන දුන්නා. සිංහල කවියට මම පෙම් බැන්දේ සන්දේශ කාව්‍යන් නිසාවත්, ජනකවි නිසාවත් නොවෙයි, ඉතින් සහෝදරවරුණේ කාව්‍යය... https://t.co/R9n9q9uLFq""",Neutral
146,1072447583111516161,1590775483,Tue Dec 11 11:06:43 +0000 2018,"""2019 ලග්න පලාපල සහ ඔබේ ලග්නයට අනුව ශුභ අශුභ හා සුදුසු වත් පිලිවෙත් කියවන්න - https://t.co/TkeLLUCtnq  මේෂ ලග්නය - මිශ‍්‍රපල යෙදෙන වසරකි. වෘෂභ ලග්නය - වියදමි යෙදෙන වසරකි. මිතුන ලග්නය. - මිශ‍්‍රපල හිමි වේ කටක ලග්නය - පැවති කරදර බාධා ඉවත්වේ සිංහ ලග්නය -... https://t.co/TkeLLUCtnq""",Neutral
147,1072433069234229254,1034718250670727168,Tue Dec 11 10:09:03 +0000 2018,"""සිංහල අක්කලා නංගිලා ටික පොඩි වෙලාවක් වැය කරල කියවලා බලන්න.  මට මුණ ගැහුණා අම්මා කෙනෙකුයි තාත්තා කෙනෙකුයි දුවෙකුයි..  ලස්සන සිංහල නංගි කෙනෙක්.. මුස්ලිම් තරුණයෙක් එක්ක සම්බන්ධයක් ඇති… https://t.co/dLxWZpY60a""",Neutral
148,1072407346452803585,2245473468,Tue Dec 11 08:26:50 +0000 2018,"""තරුණයෙක් විදියට තැබූ ගරුත්වය ඔබ නැති කර ගත්තේ මැතිවරණය ඉලක්ක කරගනිමින් ජාතිවාදියකු වූ නිසයි.ඔය ඔබගේ සැබෑ කතාව නොව මැතිවරණය වෙනුවෙන් මාතර සිංහල බෞද්ධ ජනතාව මුලා කිරීමේ කතාවයි.මැතිවරණයට ජාතිවාදී වන්නන්ට සැබෑම... https://t.co/K1quJNPKGw""",Neutral
149,1072393577798479872,1063398267873107968,Tue Dec 11 07:32:07 +0000 2018,"""@Rasthiyaduwa හැමදාම හැමදේම හංගන් ඉන්න බෑ හිටියත් වැඩකුත් නෑ,ඒ දේවල් කවදහරි ඉබේටම විනාස වෙනවා බුද්ද දර්ශනේ හැටියට... අපි තාම සීගිරියේ මතුපිට සිංහ කකුල්,චිත්‍ර එක්ක ගැටෙනවා ගර්භය ඇතුලේ දහසකුත් දේ හංගගෙන....""",Neutral
150,1072388534663811075,1072384400363413504,Tue Dec 11 07:12:05 +0000 2018,"""උතුර  වෙන් කරලා දෙන්න ඔනෙනම් ඇයි යුද්ධ කරලා උතුර බෙර ගත්තෙ .එ විතරද රටවටෙම  බොම්බ පූපුරන කොට කොහෙද හිටියෙ . සිංහල අපිට තියෙන්නෙ මෙ රට විතරයි . අපි තමා 🇱🇰  වෙ සුලුටරය මෙ තෙරුම් ගනිව් . https://t.co/fbJHMGD0ms""",Neutral
151,1072367544579825664,1228037084,Tue Dec 11 05:48:40 +0000 2018,"""නැගෙනහිර වසර දහයක පහළොවක කාලයකදීවත් යළිත් සන්නද්ධ අරගලයක් ඇතිවිය   හැකි  පසුබිමක් නොමැත. දෙමළ ජනතාව මෙවර සිය  අයිතීන් දිනාගැනීමේ සටන දියත්   කරන්නේ ව්‍යවස්ථාව තුලින් ය. එය ප්‍රජාතාන්ත්‍රික අරගලයකි. අවි අතට ගත්   දෙමළ සන්නද්ධ දේශපාලන කණ්ඩායම් කිසිවක් උතුරු නැගෙනහිර නොමැත .කවුරුන්""",Neutral
152,1072364466510143488,2456992327,Tue Dec 11 05:36:27 +0000 2018,"""BBC News සිංහල - ශ්‍රී ලංකාවේ දේශපාලන අර්බුදය: ජනපති මෛත්‍රීපාල සිරිසේනගේ මානසික සෞඛ්‍යය ගැන අභියාචනාධිකරණයට පෙත්සමක් https://t.co/0hdAfJEPEY""",Neutral
153,1072338103086518272,1062227630366240768,Tue Dec 11 03:51:41 +0000 2018,"""@HarshadeSilvaMP @MaithripalaS @RW_UNP @USAmbSLM @USAmbKeshap හර්ශ මචං, එතකොට ඔය grant එක දුන්නේ UNP එකටද නැත්තන් රටක් හැටියට ලංකාවටද? අනේ පලයන් බන් යන්න. වොල්ස්වැගන් ගස් ගෙම්බා""",Neutral
154,1072270144536072192,3189787423,Mon Dec 10 23:21:38 +0000 2018,"""@sunandadesh @MaithripalaS මේක ලෝකෙට කියන්නත් @WeerawansaWimal හදුන්වන්න ඕනේ "" සිංහල ජාතිකයෙක් "" හැටියට. අම්මපා මුන් මොන #SriLanka ඉස්කෝලේද ගියේ. යකෝ මෙතනම #racist ජාතිවාදය වපුරවමින් ලෝකේ #FakeNews පතුරුවන්නේ මුදලට මිසක් වෙන කුමකටද ? @PMDNewsGov @Neetwit @nirowa74""",Neutral
158,1072142014886658049,2971208592,Mon Dec 10 14:52:30 +0000 2018,"""එ ජා පෙරමුණේ පරාජය  එ ජා පෙරමුණට දෙමළ ජාතික සංධානයට හා  ඔවුන්ගේ අතවැසි ජ වි පෙරමුණට දැන් ඉතිරි ව ඇත්තේ බටහිරයන්ගේ පිහිට පමණයි. අද ඔවුන් ගඩාෆිට වුණු දේ ගැන කතා කරන්නෙ වෙනත් ක්‍රමයක් නැති නිසයි. අනුර කුමාර... https://t.co/AH4j396KzD""",Neutral
159,1072128998979776512,2473955773,Mon Dec 10 14:00:47 +0000 2018,"""තව පරම්පරා දෙක තුනක් යද්දි සිංහලයගෙ සිංහල පෙනුම චීනගෙ අර චෑන් චූන් පෙනුම එක්ක දෙමුහුන් වෙනවා  බොරුනම් බලපල්ලා තව පරම්පරා දෙකක් මේ රටේ ජීවත්වෙලා  උන්ගෙ කොලනියක් වෙලා ඉවරයි දැනටම මේක...😑  #මේවාසිරාසිද්ධි""",Neutral
160,1072127304875343873,780211700,Mon Dec 10 13:54:03 +0000 2018,"""ජනාධිපති ඉරනමඩු වැවේ පැරණි ඵලකයක් කඩා බිඳ දැම්මා ය කියන කතාවේ ඇත්ත නැත්ත @prajalanka ඉරනමඩු වැව, ඩඩ්ලි සහ මෛත්‍රී  https://t.co/gEXLFF0A4W https://t.co/22GoF25jko""",Neutral
161,1072124697964306432,555798998,Mon Dec 10 13:43:41 +0000 2018,"""හැමදාම කට කැඩෙනකම් උගුර ලේ රහ වෙනකම් ඇස්වල කඳුලු එනකම් කෑගහලා ""ඉස්සරහටම පලයන් පස්සටනම් අඩියක්වත් තියන්නෙපා මොනා උනත්"" කියලා දිරි දුන්නෙ ලේ කිරි කරලා පොවපු අම්මයි යකඩ පාගලා රට වටේ කරක් ගහලා ගෙදර අඩුපාඩු පුරවපු තාත්තයි ඉරිච්ච ඩෙනිමයි කාකි සර්ට් එකයි ඇදගෙන ඉදපු කොන්දොස්තරයයි විතරයි.""",Neutral
162,1072117809650565120,439699366,Mon Dec 10 13:16:19 +0000 2018,"""උදාරයාගේ සාහිත්‍යිකභාවයට විවරණ දුන්නේ සිංහල සාහිත්‍යය හා සමාජ අධ්‍යයනය ගුරු මෑණිවරුය. පීඩාවට පත්වූවෝ ගිණුම් අංශයට මා බඳවාගත් ආයතන පරිපාලකයෝය. 😊""",Neutral
163,1072107264339775488,1057457915777507329,Mon Dec 10 12:34:25 +0000 2018,"""@DeV_DaZ ඒක නවත්තන්න බෑ 😂 බඩ පිම්බෙනවා ගෑස් එකට. ඒ නිසා තමයි කීවේ දැම්ම බෙහෙත් ගන්න කියලා. සිංහල බෙහෙත් වලට නං වැඩි නොවී තියාගන්න පුළුවන්. 100%ක් හොඳ වුණ කෙනෙක් නං හම්බෙලා නෑ.""",Neutral
164,1072099441610379264,832848873739608066,Mon Dec 10 12:03:20 +0000 2018,"""පුදුම වෙන්නෙපා.. වෙළෙඳාමේ ආපු මුස්ලිම් උන් එක්ක පවුල් කාලා මෙහෙ පදිංචි කර ගත්ත සිංහල කාන්තාවන්ට(සමහර),  චීන්නු කියන්නෙත් වැඩි වෙනසක් නෑ.. අපේ ම මිනිස්සුන්ගේ වැරදි 😢 #lka https://t.co/GmqQm7QVtX""",Racist
165,1072787912243273728,3220075676,Wed Dec 12 09:39:04 +0000 2018,"""රනිල් වික්‍රමසිංහ මහතාට විශ්වාසය පල කිරිමේ යෝජනාව සම්මතයි.. https://t.co/tmLrjBr1W1 #lka""",Neutral
166,1072787188738416640,227205605,Wed Dec 12 09:36:11 +0000 2018,"""RT @bbcsinhala: ශ්‍රී ලංකාවේ දේශපාලන අර්බුදය: 'ලෝන්ලි ප්ලැනට්' පළමු තැන ගත් ශ්‍රී ලංකාවේ සංචාරක කර්මාන්තයේ හෙට දවස https://t.co/M8I1NBUzqE""",Neutral
168,1072783387788697601,569793248,Wed Dec 12 09:21:05 +0000 2018,"""ශ්‍රී ලංකාවේ දේශපාලන අර්බුදය: 'ලෝන්ලි ප්ලැනට්' පළමු තැන ගත් ශ්‍රී ලංකාවේ සංචාරක කර්මාන්තයේ හෙට දවස https://t.co/2i1nfGihfj""",Neutral
169,1072783210436808705,3220075676,Wed Dec 12 09:20:23 +0000 2018,"""රනිල්ට සහාය පල කිරිමේ යෝජනාව ජවිපෙට අදාළ නෑ https://t.co/K8OxNrMswo #lka""",Neutral
170,1072781455506341889,799677397,Wed Dec 12 09:13:24 +0000 2018,"""බිලක් දෙන්න බැරි කස්ටෙක්ගෙන් තේ සංග්‍රහයක් https://t.co/i6WfFbKep2""",Neutral
172,1072779384921182208,1538121294,Wed Dec 12 09:05:11 +0000 2018,"""ඉල්ලන දෙයක් දෙන්නම් මට සහය දෙන්න : TNA හමුවේ සිරිසේන ඉල්ලලා! https://t.co/flib21fRPx""",Neutral
173,1072778844443209728,2587095331,Wed Dec 12 09:03:02 +0000 2018,"""රනිල්ට සහාය දෙන්න එපා - මෛත්‍රී දෙමළ ජාතික සන්ධානයෙන් ඉල්ලයි - Lankatruth https://t.co/dJUa48tBNhරනිල්ට-සහාය-දෙන්න-එපා-මෛත/""",Neutral
176,1072765877815148544,227205605,Wed Dec 12 08:11:30 +0000 2018,"""@NightWingzzz @lishwebber @Nimezzz මොකක් හරි නාට්‍යයක් තියෙන්නත් එපැයි ඉතින් මේකෙ ඉන්න උන්දැලාට දවස-සතිය ගෙවාගන්න 😂""",Neutral
178,1072765433286180864,3927393580,Wed Dec 12 08:09:44 +0000 2018,"""@Wind_Desika ඕක තියන් ඉන්න හොද කෙනෙක්ට දෙන්න හදන්න මම දන්න කෙනෙකුත් ඉන්නා අහල බලමු""",Neutral
179,1072764188550983686,760469540857708544,Wed Dec 12 08:04:48 +0000 2018,"""පාර්ලිමේන්තුව  රැස් වේ පොදු පෙරමුණු මන්ත්‍රීන් 6 වන දිනටත් වර්ජනයේ  රනිල්ට විශ්වාසය පල කිරීමේ යෝජනාවක් අද දින යෝජනාවට හා ජන්දයට""",Neutral
180,1072761743238000640,1057457915777507329,Wed Dec 12 07:55:05 +0000 2018,"""RT @Hazii_lak: #මගේනම්මගේ වෙන කාටවත් දෙන්න එපා නත්තල් සීයේ... 😂😂 https://t.co/qZyNN9NZpJ""",Neutral
181,1072761053472116737,1020570480909041666,Wed Dec 12 07:52:20 +0000 2018,"""@Dilshansamitha_ @FriendsGammadda @Chandhi_Surangi ආපෝ ඒමද..ඔය දෙන්න වෙනම යන්න එනම්😂😬""",Neutral
182,1072757370319556608,1006146324264148993,Wed Dec 12 07:37:42 +0000 2018,"""කොච්චර මැරෙන්න හැදුවත්, පවට පින දෙන්න බෑ බං. 🙏""",Neutral
183,1072756868534190080,1449355790,Wed Dec 12 07:35:42 +0000 2018,"""රනිල්ට සහාය දෙන්න එපා - මෛත්‍රී දෙමළ ජාතික සන්ධානයෙන් ඉල්ලයි - Lankatruth https://t.co/c6l0tSSRCAරනිල්ට-සහාය-දෙන්න-එපා-මෛත/""",Neutral
185,1072746359399243776,2473955773,Wed Dec 12 06:53:57 +0000 2018,"""@Annnuza ණයට දෙන්න බෑ මේක 😍""",Neutral
187,1072744783393652737,1042344569411723264,Wed Dec 12 06:47:41 +0000 2018,"""RT @milindarj: බ්‍රහස්පතින්දා හවස 6.30ට මම එනවා සිරස 'දවස' දේශපාලන සංවාදයට. #SriLanka #LetMeVote #PresidentialFirst #RiseUpSL @NewsfirstSL…""",Neutral
191,1072732046965932032,19650288,Wed Dec 12 05:57:05 +0000 2018,"""RT @OshalaHerath: බයියෝ හොඳ නීතිඥ උපදෙස් ලබා ගන්න ඕනේ. රනිල්ට තවත් ජයග්‍රණයක් දෙන්න සහ රටට ආතල් දෙන්න පළවෙනි දවසෙම විසිවෙන නඩුවක් දාලා. #Co…""",Neutral
193,1072727421739249664,4909528925,Wed Dec 12 05:38:42 +0000 2018,"""පාලක පන්තියෙන් විප්ලවවාදින් පිළිබද නොඅසන්න. සාධාරණ විනිශ්චයක් ඔවුන් වෙත ලබා දෙන්න ♥️ https://t.co/pvUA0hESx8""",Neutral
194,1072725357831249920,1062227630366240768,Wed Dec 12 05:30:30 +0000 2018,"""@ShaseraSing @amilaik @RajapaksaNamal පට්ට වේසි දැන් පොලිසියෙන් ඉල්ලං කාපන්""",Sexism
195,1072724629490266112,589264205,Wed Dec 12 05:27:36 +0000 2018,"""මගේ ලමැද සුව යහනක් ඔබට තනා දෙන්න කියා බවෙන් බවේ පෙරුම් පුරා බලා ඉන්නවා...""",Neutral
197,1072722768083460096,594945777,Wed Dec 12 05:20:12 +0000 2018,"""ෆෙඩරල් දෙන්න රනිල් එකග වෙයි – ලිඛිත ගිවිසුම TNA සමග හෙට අත්සන් තබයි | Voice of Lanka https://t.co/jFSv5S1t3S""",Neutral
198,1072719216858546176,1282548913,Wed Dec 12 05:06:06 +0000 2018,"""@Miyuruhansi @lokuscene_ නෑ එ දෙන්න අයියයි නංගියි 😂🤪""",Neutral
199,1072718716767535105,2888395856,Wed Dec 12 05:04:06 +0000 2018,"""RT @__Banz: කියලා ඉවරකරන්න බැරි මාතෘකාවක් තියනවා. සමහරුන්ට ඇහෙනකොට කිචි වගේ වෙයි. සමහරු ඊයා මේ මොනාද කියන්නෙ කියල අහයි.  නමුත් ප්‍රසිද්ධියේ…""",Neutral
200,1072717259863416832,2888395856,Wed Dec 12 04:58:19 +0000 2018,"""RT @Priyadalalindra: ඉපදීම හිස් කරත්තයකි කාගේ කාගෙත් බෙල්ලේ එල්ලු, අද දවස යනු මතක ගොඩකි ඒ කරත්තය පිරවු, ඒ බර අදින අපි මේ ඇදගෙන යන්නේ ඉසව්වක…""",Neutral
201,1072713272904826880,23761492,Wed Dec 12 04:42:28 +0000 2018,"""ශ්‍රී ලංකාවේ දේශපාලන අර්බුදය: 'ලෝන්ලි ප්ලැනට්' පළමු තැන ගත් ශ්‍රී ලංකාවේ සංචාරක කර්මාන්තයේ හෙට දවස https://t.co/M8I1NBUzqE""",Neutral
202,1072709225317429249,1069862149055369217,Wed Dec 12 04:26:23 +0000 2018,"""RT @Now_u_see_meeee: අවුරුදු හයකට කලින් අද දවස....""",Neutral
203,1072708808798101504,851103642824318976,Wed Dec 12 04:24:44 +0000 2018,"""අවුරුදු හයකට කලින් අද දවස....""",Neutral
204,1072698423009337344,183159626,Wed Dec 12 03:43:28 +0000 2018,"""අද හොඳම දවස ඔබ එනවානම්! ලිප්ටන් වටරවුමට, 3.30 ට.  සටන් පෙරමුණට.""",Neutral
205,1072696331502727169,1057457915777507329,Wed Dec 12 03:35:09 +0000 2018,"""RT @Its_DHD: පියමැන එන්න අම්මේ... බත්ටික බෙදලා දෙන්න සංසාර සිහිනයේ... මා නුඹේ පුත් කුමරා....""",Neutral
206,1072693993551450114,4867064842,Wed Dec 12 03:25:52 +0000 2018,"""දෙවෙනි සාර්ථක දවස උදෙසා යන ගමන් 🌺🙊""",Neutral
207,1072690610249711616,956597128725372928,Wed Dec 12 03:12:25 +0000 2018,"""සීක්‍රට් සැන්ටා එකට ලොකු තෑග්ගක් දෙන්න හොඳ නෑ 😑 අපිට පොඩි දෙයක් ලැබුනොත් අවුරුදු ගානක් දුක්වෙන්න වෙයි 😐😂""",Neutral
208,1072690169176674306,789738160796368897,Wed Dec 12 03:10:40 +0000 2018,"""@ExcuzeMiReturn ම්ම්ම් හිතන කෙනාද කියල බලමු. ඉඟියක් දෙන්න 🤗""",Neutral
209,1072686689968160769,410708379,Wed Dec 12 02:56:51 +0000 2018,"""ලාල් කාන්ත උනත් ඇත්තට මූණ දෙන්න ඕන 🙏😅 https://t.co/ZKCBUOJTqB""",Neutral
213,1072680894471651328,2893390801,Wed Dec 12 02:33:49 +0000 2018,"""@__Banz ඔයා දැන් අාවොත්.. ඔයාට කැබිනට් පොසිෂන් එකක් දෙන්න පුලුවන් වෙයි...""",Neutral
215,1072662691725094917,2460862674,Wed Dec 12 01:21:29 +0000 2018,"""@HPK892 දෙන්න""",Neutral
217,1072656434960179202,3021491215,Wed Dec 12 00:56:37 +0000 2018,"""RT @LankaVoice: රට , ජාතිය,  ආගම ගැන සිතන්න. අතීතයේ සිට රැකගත් මාතෘභූමිය බෙදා වෙන් කිරීමට ඉඩ දෙන්න එපා. https://t.co/rB0a9McOoJ""",Neutral
218,1072656418707263488,3927393580,Wed Dec 12 00:56:33 +0000 2018,"""@Wind_Desika පල පල""",Neutral
219,1072654749500084224,339564751,Wed Dec 12 00:49:55 +0000 2018,"""ගෙවුණු දවස උණුසුම් කළ පුවත්… #lka #News1st https://t.co/2Nqh2GoPNf""",Neutral
221,1072644161055219712,2602354915,Wed Dec 12 00:07:51 +0000 2018,"""අද ඉතින් හත්වෙනි දවස ජනාධිපති තුමා....  &lt;3 https://t.co/FsHBYueYAH""",Neutral
222,1072590886658285568,3251654766,Tue Dec 11 20:36:09 +0000 2018,"""@DJSlash9 @vishiru සී වේසි කියන්නේ මුහුදු හුකන්නිටනෙ..""",Sexism
223,1072563267002949632,4080622874,Tue Dec 11 18:46:24 +0000 2018,"""2018 දෙසැම්බර් මස 12 වන බදාදා - අද දවස ඔබට කොහොමද?""",Neutral
225,1072546194805661697,253545294,Tue Dec 11 17:38:34 +0000 2018,"""@nthathsaranii මට කේක් දෙන්න""",Neutral
226,1072545663303499776,186032870,Tue Dec 11 17:36:27 +0000 2018,"""@chethyaaaa @ItsPaull ඩෙමා මේ නංගිගෙ පස්ස හදල දෙන්න""",Neutral
230,1072533955235233794,128910982,Tue Dec 11 16:49:56 +0000 2018,"""@tharu__ ඒකනේ..වැදගත් විදිහට කඹයක් හොයල දෙන්න 🙏🏽""",Neutral
232,1072530721951178752,2606933641,Tue Dec 11 16:37:05 +0000 2018,"""@chichiSHL මට දෙන්න""",Neutral
233,1072530503998365696,3837570612,Tue Dec 11 16:36:13 +0000 2018,"""@ItsMeSithu එහෙම සමාව දෙන්න බෑ""",Neutral
234,1072530474210340864,789738160796368897,Tue Dec 11 16:36:06 +0000 2018,"""@SM_Wstar අමතක නෑ ඒ දවස . වොෂෲම් එකෙ දොර හොයාගන්න බැරිව වටේ කැරකුන හැටි 😂😂""",Neutral
235,1072529318763552770,2430049045,Tue Dec 11 16:31:30 +0000 2018,"""මගෙ රත්තරන් යාලුවෝ ටික අත උස්සලා හූවක් දෙන්න""",Neutral
236,1072526608337121285,898356792261922816,Tue Dec 11 16:20:44 +0000 2018,"""@Gimalka @DeV_DaZ බ්ලඩ් දෙන්න කැමති ද හදිස්සියක් 😟""",Neutral
237,1072525198346326016,2533578847,Tue Dec 11 16:15:08 +0000 2018,"""@dead_mans_creed ඔයා කරලා දෙන්න බංගිට.🤔😂😂😂😂😂 මං වෙන එකෙක් හොයාගන්නවස්""",Neutral
238,1072524230087139328,60830514,Tue Dec 11 16:11:17 +0000 2018,"""@PoornaCW @Disapamok පල පල ... කෙළ හලන්න ගත්තා මෙතන.""",Neutral
239,1072522787544334337,3099438544,Tue Dec 11 16:05:33 +0000 2018,"""RT @Indikaliyan78: ජ.වි.පෙ විත්ති..අනුරට උත්තර දෙන්න වෙලාවක් නැතිලු.. https://t.co/OI4kHk04ID""",Neutral
241,1072520717655257088,1061142887553884160,Tue Dec 11 15:57:20 +0000 2018,"""@AzzamAmeen මේ කියන බොරැවලට අපායෙ ඉස්සරාම සිට් ඵක සිරිසෙනට දෙන්න ඔන.""",Neutral
242,1072518426428628992,395035548,Tue Dec 11 15:48:13 +0000 2018,"""පසුපසට විසිකිරීම.(throwback)  නැවේදි ගත්තෙ. සෙට් එකම මාලිමාවට එකසැරේ උම්මා එකක් දෙන්න යද්දි පොටෝ එක ගත්තෙ. 😂😘 https://t.co/3ueJgiLd8o""",Neutral
243,1072516471039950849,1326867456,Tue Dec 11 15:40:27 +0000 2018,"""@Gimalka @akhilasg @Sudu_Nona එන්න කිස් එකක් දෙන්න 😂""",Neutral
246,1072506392844664834,4714270516,Tue Dec 11 15:00:24 +0000 2018,"""@pasiya14 පයින් දෙන්න ඕනෙ 😂😂""",Neutral
247,1072504146723520512,121689203,Tue Dec 11 14:51:29 +0000 2018,"""රනිල්ට අගමැති කම දෙන්න නම් සිරසෙ යන මේ අදරයයි සහ ස්වප්නා ඉවර වෙන්න ඕනෙ කියලා සිරිසේන ලොක්කා කියන්නෙ""",Neutral
248,1072500525143388161,906637115831730176,Tue Dec 11 14:37:05 +0000 2018,"""වරදවා වටහා ගන්න එපා මං බොන්නේ නෑ, . . . . . ඒත් බොනවා දවසක නැති වෙන්නම.. . . ඒ දවස වැඩි ඈතක නෙමෙයි..""",Neutral
249,1072499097561718784,3773388739,Tue Dec 11 14:31:25 +0000 2018,"""@Annnuza උබට මොනවටද අයියේ අක්කට ඕනෙනේ දෙන්න 😊""",Neutral
250,1072787817346945024,974907011820224517,Wed Dec 12 09:38:41 +0000 2018,"""රනිල් වික්‍රමසිංහ මහතා වෙත විශ්වාසය පල කිරීමේ යෝජනාව සඳහා පැවති ඡන්දයෙන් පක්ෂව ඡන්ද 117 ක් හිමිවෙයි. ජවිපෙ ඡන්දය දීමෙන් වළකියි. #Srilanka #lka #PoliticalCrisisLK #Parliamentlk https://t.co/5EF5Z21fv2""",Neutral
251,1072777503700381696,887285012453896193,Wed Dec 12 08:57:42 +0000 2018,"""@hashikalpana @ChathuraAbeysi2 @daughterislife @dead_mans_creed @BasnayakageGopi @nwty_ck @She_is_Nu @Pavaniperera3 @dinu_nilmini @IndrajithLk ඔව් නංගී එහෙම වෙනවා.ඒ code  එක විනාඩියක් ඇතුලත වගේ දෙන්න ඔනේ. එහෙම නොවුනොත් අකවුන්ට් එකට ප්‍රශ්න ඇති වෙනවා...""",Neutral
252,1072759869093109762,3927393580,Wed Dec 12 07:47:38 +0000 2018,"""@Wind_Desika දන්න කෙනෙක්ක්ට මිසක් යන්තම් සන්තන් එවුන්ට දෙන්න එපා අත්දැකීමෙන් කියන්නෙකොරියන් එකක්නෙ මෙහෙ එවුන් කනව පුලුවන්නම් එහෙන් ඩිස්ප්ලේ එක ගෙන්න ගන්න බලන්න""",Neutral
253,1072748909703774208,195013676,Wed Dec 12 07:04:05 +0000 2018,"""ගෙදර මිනිස්සු මේ පාර එද්දි ගෙනාපු chocolate ටික දැකලා hershey's ටික දැකලා ඇහුවා ඇයි මේවා ගෙනාවෙ, මේවා කන්න පුලුවන්ද අපරාදෙ සල්ලි අරක මේක. දැන් අනිත් chocolate ඔක්කොම ඉවරයි hershey's ටික විතරයි ඉතුරු. දැන් ඒවා කන ගමන් කියනව මේවත් ඉතින් ලොකු අව්ලක් නෑ කියලා 😂😂""",Neutral
254,1072691421025460225,1069430230677405698,Wed Dec 12 03:15:39 +0000 2018,"""හිත අස්සෙන් හීන මවාගෙන අහිමි වීමකට බයේ කකියන හදවත කකාර කකාර වේදනා දෙන යාලුකම කියන ලේබලේ ගහපු  හිත් දෙකක දලුලන හිතකට හිතක් හොරෙන් ලුහු බදින දවසින් දවස නමක් හොයන නුපුරුදුම හීන කදු ගහන  අහිමි කර ගන්නට බැරුව ලත වෙන... https://t.co/2z36xvTY8G""",Neutral
255,1072684356089470977,809691291441197056,Wed Dec 12 02:47:34 +0000 2018,"""ඔට්ටුව මතක් වෙන ගානේ කොන්ඩේ පෙන්න පෙන්නා dp දානවා...😂😂 අපි බලමුකො..............ඉස්සරහට කවුද දිනන්නේ කියලා....ටිපිටිප් එකක් අරන් දෙන්න වෙනවා ඕන්.. https://t.co/wGC6R8N8g5""",Neutral
256,1072679685564391426,946886489010446336,Wed Dec 12 02:29:01 +0000 2018,"""ගමේ මේක තියෙනවා අරක තියෙනවා කියලා ආධාර ඉල්ලන් එපා යකෝ අපිත් බැංකුව ට ණය වෙලා අවේ.. එදා ගමේ අය යනකොට පරිස්සමට ගිහින් එන්නවත් කිව්වානම් කම්ක් නෑ බන්.. කතා නොකරපු අපිට දැන් කතා කරන්නත් එපා ඔයි. 😆""",Neutral
257,1072676277902082048,3194285892,Wed Dec 12 02:15:28 +0000 2018,"""හැමදාම වගේ අපේ සහෝදර PRUVE Comics ලා මේ පාරත් ශ්‍රී ලාංකීය ප්‍රේක්ෂකයට අලුත්ම අත්දැකීමක් ලබා දෙන්න ඔන්න මේ පාරත් සූදානම් වෙනවා, ඉතින් සුපුරුදු පරිදි අපි ඔවුන්ට සුභ පතන ගමන් මේ සීරීස් එක සම්බන්දයෙන් වැඩි විස්තර අපි ලගදිම ඕගොල්ලන්ට ගෙන එන්න බලාපොරොත්තු... https://t.co/uXbToNrAIb""",Neutral
259,1072667035530919936,1105901318,Wed Dec 12 01:38:45 +0000 2018,"""@optimuspnj ඔව්. උඹ අද ලංකාවේ මොකක් හරි සමාගමක් පටන් අරගෙන, සතියක් යද්දි ජනාධිපති හරි CID එක හරි තොරතුරු ඔක්කොම ඉල්ලුවොත් දෙන්න වෙනවනේ.  ඇමරිකාවෙත් එහෙමයි. තොරුතුරු නොදුන්නොත් ආයුධ පෙන්වන්න එක්කන් යන එක හැම රටකටම පොදු කාරණයක්.  ඒක ඇමරිකාවේ Microsoft, Google, Amazon, Facebook, Twitter වලංගුයි""",Neutral
260,1072593790848905216,887285012453896193,Tue Dec 11 20:47:42 +0000 2018,"""@ChathuraAbeysi2 @hashikalpana @daughterislife @dead_mans_creed @BasnayakageGopi @nwty_ck @She_is_Nu @Pavaniperera3 @dinu_nilmini @IndrajithLk එහෙම ප්‍රශ්නයක් නැහැ නංගී.මගේ අකවුන්ට් වලට මගේ එක්කෙනා ලොග් වෙනවා.අපි දෙන්නත් ඉතින් රටවල් දෙකකනේ.එහෙම පුළුවන් ලොග් වෙන්න.හැබැයි කෝඩ් එක නියමිත වෙලාවට දෙන්න ඔනේ.දෙන්න පරක්කු උනොත් සැක හිතලා පස්වෝඩ් චේන්ජ් කරන්න කියලා මේල් එකක් එනවා.""",Neutral
261,1072548914442719232,274522599,Tue Dec 11 17:49:22 +0000 2018,"""@Miyuruhansi @Randi_baba Yeah හොරෙන් තමා ඉතින් වැඩේ දෙන්න ඕනේ... If not දඩයක් කන්න තමා වෙන්නේ ඔහේ නගින්න ගිහිල්ලා, වනරක්ෂිතයකට අනවසරයෙන් ඇතුළු උනා කියලා...""",Neutral
262,1072530390382972931,1057457915777507329,Tue Dec 11 16:35:46 +0000 2018,"""දැන් කාලේ නං ඕක කිසිසේත්ම ප්‍රායෝගික නෑ.   මොකද කිසිම හිරිහැරයක් නැතුව ගියත් පයින් යන්න වෙන්නේ නෑ අපේ අයියලා එයාට lift දෙන්න හදනවනේ.😂  ලස්සන කෙල්ලක් නං ලංගම බස් කාරයොත් බලෙන් නග්ගගෙන යන්නේ 😂 https://t.co/sGemK5GoSl""",Neutral
263,1072517609210433536,312686220,Tue Dec 11 15:44:59 +0000 2018,"""@Disapamok පිස්සු නැතිව දාන්න. ඔය වගේ සල්ලි පස්සෙ දුවන ගොබ්බ හුත්තියො ගැන මිනිස්සු දැනගන්නෝන. ඔහොම ගෑණු පොල් පිත්තක් ගත්තත් කපාගන්න ඇහැකි. වේස ගෑණු""",Sexism
264,1072517596635938822,50232571,Tue Dec 11 15:44:56 +0000 2018,"""ලංකාවේ පාරවල්වල හෙඩ්ලයිට් ගැසීමේ භාෂාව:  එක්වරක් -- * ඉස්සර කරන්න ඉඩ දෙන්න * මම ඉස්සර කරනවා / උඹ මගේ පැත්තේ (ඉදිරියට එන වාහනයකට) * හායි!  දෙවරක් -- * ඉස්සර කරන්න ඉඩ දෙන්න * බලාගෙන! පොලීසිය ඉදිරියෙන් (ඉදිරියට එන වාහනයකට)  තෙවරක් හෝ වැඩි -- * මට මල පැනලා, යන්න ඉඩ දීපං!  #lka""",Neutral
269,1071088614761742337,1037762871617191936,Fri Dec 07 17:06:40 +0000 2018,"""@Senuki6 ඉදකිං හුත්ති තො වෙසියක් තො දන්නේ ඒක එකත් එක්ක හුකන්න වීතරයි තො වදපු අම්මටත් ලැජ්ජාවක් හුත්තියෙ https://t.co/BW7hCiNlLj""",Sexism
270,1071000660685008896,230640891,Fri Dec 07 11:17:10 +0000 2018,"""lanka C news | රනිල් අගමැති කරන්න යෝජනාවක් පාර්ලිමේන්තුවට.. 12 වැනිදා ඡන්ද විමසීමක්.. දෙමල සන්ධානයත් පක https://t.co/SoDnpwgmOc""",Neutral
271,1070907162380054528,589264205,Fri Dec 07 05:05:38 +0000 2018,"""කුසාන්ත අක්කලාට ස්ක්‍රීන්ශොට් යවලා පොර වෙලා අයියලාට පොන්නය වෙනවා 😂""",Sexism
272,1070661876466380800,1060833323939848192,Thu Dec 06 12:50:57 +0000 2018,"""@BuduMalli පොන්න වේසිගේ පුතෝ ගොන් පාට් නොදී ඉදපන්. ගොන් ආතල් දෙන්න එපා උබලා උබලගේ ආතල් එක ගනින් පාඩුවේ..""",Sexism
273,1070331918908936192,3334390273,Wed Dec 05 14:59:49 +0000 2018,"""@_ArEreP_NeEvArT ඒ වේසි එක්ක මට ගනුදෙනුවක් නෑ දැන්""",Sexism
275,1070114619144908800,620582014,Wed Dec 05 00:36:21 +0000 2018,"""ඩබල් ගේම් එපා. ජනපති මරන්න හදපු එවුන් වහා අත්අඩංගුවට ගනු.! — feeling පොන්න ගේම්.  බලු කෙඳිරිලි.""",Sexism
276,1070003516242939904,55178704,Tue Dec 04 17:14:52 +0000 2018,"""RT @Suji_Gun: @OshalaHerath බලාන ගියාම වේස ගෑනූන්ගෙයි උඹලගෙයි ලොකු වෙනසක් නෑ.. උන් සල්ලි දෙන එකාට රෙද්ද උස්සනවා.. උඹලා සල්ලී දෙන එකාගේ පස්ස…""",Sexism
279,1069565533572554754,233860469,Mon Dec 03 12:14:29 +0000 2018,"""@MrThila_ නොහුකා හිටහං තෝ දන්න පක.""",Sexism
282,1069428708467859456,956597128725372928,Mon Dec 03 03:10:47 +0000 2018,"""RT @Rasthiyaduwa: සමහර tweet දැක්කම ""පුක"", ""මගුල"", ""පක තමා"" වගේ රිප්ලයි දාන්නමයි හිතෙන්නේ. . ආයේ මොකටද නිකං කියලා මගෑරලා යනවා. 😂✌🏿""",Sexism
294,1069007668252045313,312686220,Sat Dec 01 23:17:43 +0000 2018,"""@_GayathriNaga තොගෙ තාත්තා ග්‍රාමසේවක කෙනෙක්ද බූරු  හුත්ති මිනිස්සුන්ට නම් දදා යන්නේ? ෆේක් වේසියො""",Sexism
295,1072517609210433536,312686220,Tue Dec 11 15:44:59 +0000 2018,"""@Disapamok පිස්සු නැතිව දාන්න. ඔය වගේ සල්ලි පස්සෙ දුවන ගොබ්බ හුත්තියො ගැන මිනිස්සු දැනගන්නෝන. ඔහොම ගෑණු පොල් පිත්තක් ගත්තත් කපාගන්න ඇහැකි. වේස ගෑණු""",Sexism
296,1071040889026306049,1057265829539016704,Fri Dec 07 13:57:01 +0000 2018,"""@NewsfirstSL දියවන්නාවෙ කාලකණ්ණි ටික මරල දාන්නම ඕන , පොන්න රනිල, හොර මහින්ද ඕකුන්ගෙ හෙන්චයියන් ඔක්කොම මරල දාල උන්ගෙ ගෑනුටික ගණිකා සේවයේ දාන්න ඕන""",Sexism
297,1070309047641944064,1105901318,Wed Dec 05 13:28:56 +0000 2018,"""@lasankaOnline @fox914SL @imNaviya @Busty_Bubble @LadyBossHippo @_Thamarasa_ උන් හැමදාම තෑගි දෙන, උන් හොඳටම දන්න එවුන්ට තෑගි දෙයි.  වෙන එකෙක්ට හරි තෑගි දුන්නොත් මම පක කපා ගන්නවා. 😏""",Neutral
298,1069526191365713920,4867064842,Mon Dec 03 09:38:09 +0000 2018,"""@NandiyaLive හහහ ගැන්ග් බෑන්ග් නෙවෙයි සහෝදරයා. අකවුන්ට් එක රිපෝට් කරන්න කියන එව්වා පොන්න ආතල් 😅 කලින් එකත් කෙලවෙලා මේ අලුත් එකෙන් ආවේ. අපි ආතල් දන්නවා ඔයිට වැඩිය 😂😂 ඔහොම ටිකක් යන්""",Sexism
300,1071064705857347585,1060833323939848192,Fri Dec 07 15:31:39 +0000 2018,"""බදුල්ලේ අපි...youth https://t.co/5NPtY3jsqZ""",Neutral
301,1070705448821485568,1060833323939848192,Thu Dec 06 15:44:06 +0000 2018,"""ඒ අපේ පලාත...🙋🙋👇👇👇👼 https://t.co/qgfqqHeDJg""",Neutral
303,1070341689217150981,1060833323939848192,Wed Dec 05 15:38:39 +0000 2018,"""RT @AmithWeerasing3: සිංහලයන්ගේ වර්ජනය හමුවේ බංකොලොත් වූ Etisalat ආයතනය ශ්‍රී ලංකාව තුල Hutch සමාගම විසින් සම්පුර්ණයෙන්ම මිලදි ගෙන ඇත.   බු…""",Neutral
305,1069599091628240896,1060833323939848192,Mon Dec 03 14:27:50 +0000 2018,"""සුබ පැතුම් කොල්ලෝ...🙋🙋🙋🙋🎓🎓 https://t.co/AUOvhYavY0""",Neutral
306,1068910494935740416,1060833323939848192,Sat Dec 01 16:51:36 +0000 2018,"""අංගම්👑👑👑👑👑 https://t.co/PfK4YHi3Cx""",Neutral
307,1067619797326749697,1060833323939848192,Wed Nov 28 03:22:49 +0000 2018,"""අපේ වීරයෝ https://t.co/9ivdEoXsva""",Neutral
308,1067470583980380160,1060833323939848192,Tue Nov 27 17:29:54 +0000 2018,"""@AmithWeerasing3 එකේකා බයිලා ගැහුවට කවලම් නැති සිංහලයො දන්නවා අමිත් ගැන..""",Neutral
310,1066937970358333443,1060833323939848192,Mon Nov 26 06:13:29 +0000 2018,"""ඔබත් එන්න https://t.co/pMuijcpjnH""",Neutral
311,1065999608134873089,1060833323939848192,Fri Nov 23 16:04:46 +0000 2018,"""අපි වෙල්ලස්සේ👑👑👑👑👑👑👑👑 https://t.co/cYfNBvFLok""",Neutral
312,1065633647481389056,1060833323939848192,Thu Nov 22 15:50:34 +0000 2018,"""ඔව් අමිත් අයියා ආඩම්බර මොහොතක සාමාජිකයෙක් උනා සිය ගානක් සිංහලයෝ ඒ මොහොතෙ සාමාජිකයෙක් ආඩම්බරයි.👑 https://t.co/hO2C34WwBF""",Neutral
313,1065630835452272640,1060833323939848192,Thu Nov 22 15:39:24 +0000 2018,"""මහසොහොන් බලකාය කිව්වම ඔකුන්ට රෙද්දෙ බඩ යන්නෙ අමිත් අයියා😂😂😂 https://t.co/wvovll8hmF""",Neutral
314,1065267266206351360,1060833323939848192,Wed Nov 21 15:34:42 +0000 2018,"""අපේ අභිමානය අපි සුරකිමු. https://t.co/dhyA9KgSjP""",Neutral
315,1064524257143603200,1060833323939848192,Mon Nov 19 14:22:15 +0000 2018,"""@MatiBole කවුරු උනත් අගේ කරන්න ඔන😂😂😂""",Neutral
316,1064521630091603968,1060833323939848192,Mon Nov 19 14:11:49 +0000 2018,"""එකගද ඔබත් https://t.co/fQbTo7G51n""",Neutral
317,1063641080510341120,1060833323939848192,Sat Nov 17 03:52:49 +0000 2018,"""සැදැහැ සිතින් share කරන්න සුපෙම්පතුනී... https://t.co/7JrsbaLz1B""",Neutral
319,1063264944248897536,1060833323939848192,Fri Nov 16 02:58:11 +0000 2018,"""වැඩිකල් යන්න කලින් අම්මේ මට සමාවෙන්න පැත්තක දාල මිනිස්සු ජගතයියේ මට සමාවෙන්න කියන්න ගන්නෝ 😂 #බොන්නඑපාSL""",Neutral
320,1072717815507898368,312686220,Wed Dec 12 05:00:32 +0000 2018,"""@DulithK කරන්ට් ආවා 😎""",Neutral
322,1072717309926461448,312686220,Wed Dec 12 04:58:31 +0000 2018,"""හැපි වෙඩඩ් ලයිප් ෂුදු අයියේ........@laka_puit 😘😘😘""",Neutral
323,1072717242733748224,312686220,Wed Dec 12 04:58:15 +0000 2018,"""@Miyuruhansi @achiralk සමනා දැක්කද දන්නෑ මේව 🧐 @ZamanX90""",Neutral
325,1072686123967832065,312686220,Wed Dec 12 02:54:36 +0000 2018,"""කරන්ට් ගියානේ. මඟුල #Nugegoda""",Neutral
328,1072524913980989443,312686220,Tue Dec 11 16:14:00 +0000 2018,"""@erangatennakoon එයා දකින්න කලින් ගුඩුස් ගාල  ෂොට් එකක් දාගන්නෝන 🤣""",Neutral
329,1072522222852628490,312686220,Tue Dec 11 16:03:19 +0000 2018,"""@erangatennakoon බොන්න යන්නෙ බං 😂""",Neutral
330,1072517890178510849,312686220,Tue Dec 11 15:46:06 +0000 2018,"""@Disapamok 😂  සාදුකාරයක් දීගෙන පෝන් එකට වැඳගෙන අහන් ඉන්න යන්නෙ 🤣""",Neutral
332,1072480744180727811,312686220,Tue Dec 11 13:18:29 +0000 2018,"""@DJSlash9 @Disapamok වමනෙටත් ආවා""",Neutral
336,1072736523181731840,312686220,Wed Dec 12 06:14:52 +0000 2018,"""@ShaseraSing @imahassen ආ ඇන්ටී...මොකෝ තද වෙලා???? 😂  බොරු කියල කියල හාමුවා බලේට ගේන්න දැඟලුවට දැන් පොලීසි යන්න ලේස්තිද??? ආ???? බොරු කියල කියල දැන් ද තමුසෙට කොන්දක් ගැන කතා වෙන්න මතක් වෙන්නේ?? කෝ ඔහේ මිනිස්සු එක්ක මෛත්‍රීපාලගේ ගෙදර ගියාද?? හූ.......🤣""",Neutral
339,1072517609210433536,312686220,Tue Dec 11 15:44:59 +0000 2018,"""@Sansajran @Annnuza රටේ අනාගතයට ජයවේවා 🙌""",Neutral
340,1072592051139686401,3251654766,Tue Dec 11 20:40:47 +0000 2018,"""@tharu__ @DJSlash9 @vishiru අන්න සතා 😂""",Neutral
342,1072590886658285568,3251654766,Tue Dec 11 20:36:09 +0000 2018,"""@Chandhi_Surangi බේබද්දෙකුට උනත් උදව් කිරීමේ හැකියාවක් තියෙන්න ඕනේ""",Neutral
343,1072590695217725440,3251654766,Tue Dec 11 20:35:24 +0000 2018,"""@SashenMe @route345art හැපි බර්ත් ඩේ ලොක්කා 🎂""",Neutral
344,1072589828762583052,3251654766,Tue Dec 11 20:31:57 +0000 2018,"""@Chamalka_N ගැහැව්වට පස්සේ නින්ද යැන්නෑ 😂""",Sexism
345,1072588344243249153,3251654766,Tue Dec 11 20:26:03 +0000 2018,"""@rasikalink මූට අකමැති උන් මේකට ලයික් කරන් යන්නලා 😜""",Neutral
346,1072585689244553218,3251654766,Tue Dec 11 20:15:30 +0000 2018,"""හස්බන්ඩ් උනත් එකයි නොවුනත් එකයි අපිට පුකද යාලුවේ.. 😜 #RT #Help""",Neutral
347,1072584675250593792,3251654766,Tue Dec 11 20:11:28 +0000 2018,"""@vishiru උඩ යවනවා වගේ""",Neutral
348,1072583553437876224,3251654766,Tue Dec 11 20:07:01 +0000 2018,"""@She_is_Nu නුවර එක්කො එපා""",Neutral
349,1072573348289368070,3251654766,Tue Dec 11 19:26:28 +0000 2018,"""@tharu__ දන්නෑද..ගෙදර හිටියේ නෑ අනේ මේ ටිකේ 😜""",Neutral
350,1072555416586981383,3251654766,Tue Dec 11 18:15:13 +0000 2018,"""@tharu__ නෑනේ.ඇයි ඒ 😐""",Neutral
352,1072549211131047936,3251654766,Tue Dec 11 17:50:33 +0000 2018,"""කරුමය රුපියල් 45හේ ජෑම් බනිසක් ලෙසද පැමිණිය හැක..✋""",Neutral
353,1072479201125634048,3251654766,Tue Dec 11 13:12:21 +0000 2018,"""කෑල්ල බලන්න මාතර බස් ස්ටෑන්ඩ් එකට ආවා ❤""",Neutral
354,1072402644755496960,3251654766,Tue Dec 11 08:08:09 +0000 2018,"""@Rasthiyaduwa ස්තුතියි රස්තා 😂""",Neutral
355,1072111295384629248,3251654766,Mon Dec 10 12:50:26 +0000 2018,"""@RShashiya ඒකට තමා යන්නේ""",Neutral
357,1072110395467325441,3251654766,Mon Dec 10 12:46:51 +0000 2018,"""@dkparamee මුන්ගේ බොරු පාරමි 😉""",Neutral
358,1072110106202923013,3251654766,Mon Dec 10 12:45:42 +0000 2018,"""මාතර යන ගමන් 🔪""",Neutral
376,1072436589052203008,312686220,Tue Dec 11 10:23:02 +0000 2018,"""RT @kavindanelaka: @PoornaCW එකි ලස්සනයි .. හැබයි මුසල පාටයි ...""",Neutral
378,1072340454853763072,312686220,Tue Dec 11 04:01:02 +0000 2018,"""@erangatennakoon එතකොට වයස කොච්චරද?""",Neutral
380,1072331824402178049,312686220,Tue Dec 11 03:26:44 +0000 2018,"""@erangatennakoon ඔයාව දෙදරලා ගියාද? 🧐""",Neutral
383,1072323497144279041,312686220,Tue Dec 11 02:53:39 +0000 2018,"""@erangatennakoon 255 ගල්කිස්ස කොට්ටාව නේ? ඔය කොයි කාලේද?""",Neutral
385,1072291123127738368,312686220,Tue Dec 11 00:45:00 +0000 2018,"""@itsme_sii එයාගෙ කොණ්ඩෙ කෑල්ලක් මලකඩ කාලා නේද? 🧐""",Neutral
387,1072176699335335940,312686220,Mon Dec 10 17:10:19 +0000 2018,"""@kavindanelaka 🤣🤣🤣  සීවරන් දෙයියනේ........ෂුදු අයියේ ඔයා? 😱😱😱""",Neutral
391,1071980364011368448,312686220,Mon Dec 10 04:10:09 +0000 2018,"""Happy Birthday @NipuniSR 🎂  මේක දැම්මෙ නැත්නම් ගුටි කන්න වෙන්නේ 🤣""",Neutral
399,1071766284843380738,312686220,Sun Dec 09 13:59:29 +0000 2018,"""@Neetwit @Prabuddha_Sank @cmsteknologies එලකිරි. අල්ලලා හිරේ දාන්න ඕන https://t.co/6RaKaM7TNc""",Neutral
406,1071580114440224768,312686220,Sun Dec 09 01:39:42 +0000 2018,"""@erangatennakoon @ZamanX90 @NotJagath ඔව් මට කිව්වා. සල්ලි ආණ්ඩුවට යන නිසාලු 🤣. හැබැයි මුද්දර අරන් එනෝ මං හිතන්නේ""",Neutral
409,1071576857709953024,312686220,Sun Dec 09 01:26:46 +0000 2018,"""@erangatennakoon @ZamanX90 අලුත්  ගානට පෙට්‍රල් ගහල @NotJagath වගේ පරණ ගාන වෙනකන් මුද්දර ගනින් ස්මාන් 😂😂😂""",Neutral
410,1071576780249563136,312686220,Sun Dec 09 01:26:28 +0000 2018,"""@lahirunirmala කව්ද බන් මේ?""",Neutral
412,1071572175482773505,312686220,Sun Dec 09 01:08:10 +0000 2018,"""@erangatennakoon @ZamanX90 පව් මොකක්ද 😒  මූ කඩිය පුප කඩාගත්තා වගේ නටන්නේ 200ට පෙට්‍රල් ගහන්න ඕන වෙලානේ""",Neutral
413,1071572070864056320,312686220,Sun Dec 09 01:07:45 +0000 2018,"""@IJust_Thought ඕකනේ මං දැන් එකෙක්ට ප්‍රසිද්ධියේ විශ් කොරන්නෙ නැත්තෙ   හැබැයි ඔය තීරණේ මං පොඩ්ඩක් review කරන්න ඉන්නෙ""",Neutral
414,1071567510103683072,312686220,Sun Dec 09 00:49:37 +0000 2018,"""@ZamanX90 Congratulations 🍾   පරණ ගානට පෙට්‍රල් ගහපන් ඈ 😈""",Neutral
417,1071459781288747009,312686220,Sat Dec 08 17:41:33 +0000 2018,"""@itsme_sii අහ්! මේකෙ ආයේ කෙට්ටුයි 😂""",Neutral
419,1071336018714886144,312686220,Sat Dec 08 09:29:45 +0000 2018,"""@erangatennakoon බුදු සන්තෝ. ගහෙන් වැටිච්ච මිනිහට ගොනා ඇනල ආයේ පොලීසියෙනුත් කුදලන් ගියා සීන්ස් එකක් තියෙන්නෙ 😂😂😂""",Neutral
420,1071333400521269248,312686220,Sat Dec 08 09:19:21 +0000 2018,"""@Buri_Bunis මං හැමදාම සමනට කියනො ඔය දහ ජරාව කටේ තියෙන්න එපා කියල. කොහෙද, පේනවනේ බීල වෙරි උනාම දාන ට්වීට් 😒""",Neutral
424,1071308538775883776,312686220,Sat Dec 08 07:40:34 +0000 2018,"""@ranjanieguruge 😅😅😅 සිරාවට ඇහුවෙ""",Neutral
429,1071241368930942977,312686220,Sat Dec 08 03:13:39 +0000 2018,"""@ChariSamarakoon නෑ ඌ එහෙම කරන එකක් නෑ""",Neutral
430,1071239539090309121,312686220,Sat Dec 08 03:06:23 +0000 2018,"""@hirosht @erangatennakoon ගිය පාර එකේ අපි දෙන්න හිටියෙ ආදරෙන් වෙලිලා""",Neutral
431,1071239417195417600,312686220,Sat Dec 08 03:05:54 +0000 2018,"""@RShashiya මඩු වලිගයක් නම් මදි වෙයි 😅""",Neutral
433,1071239156372725760,312686220,Sat Dec 08 03:04:52 +0000 2018,"""@pasiya14 ඒකි දකින්නැති 😂""",Neutral
434,1071239107718742018,312686220,Sat Dec 08 03:04:40 +0000 2018,"""@erangatennakoon අන්න එහෙම 😎""",Neutral
435,1071220365534224384,312686220,Sat Dec 08 01:50:12 +0000 2018,"""@imantha123 😂😂😂  කොහොමත් උන්දැ සෑහෙන වේදනාවකින් තමා ඉන්නේ""",Neutral
436,1071220269614817282,312686220,Sat Dec 08 01:49:49 +0000 2018,"""@erangatennakoon අපේ පරම පිවිතුරු මෙව්ව එකට එව්ව මෙව්ව කියන්නෙපා හරිද එරංග බ්‍රෝස් 🤨""",Neutral
439,1071102693693771776,312686220,Fri Dec 07 18:02:36 +0000 2018,"""@SHAN_EVO_ දැන් ඒකි ඔය කරේ තියන් යන හාමු එලිපිට අහුවෙලා තියෙන්නෙ නුවර කේස් එකට 😂""",Neutral
440,1071092225092665345,312686220,Fri Dec 07 17:21:01 +0000 2018,"""@SHAN_EVO_ අම්මටසිරි එහෙම සීන් එකකුත් උනාද? 😂""",Neutral
442,1071087596925726720,312686220,Fri Dec 07 17:02:37 +0000 2018,"""@Disapamok 😂😂😂😜  අපිට තේරෙනවනේ බන් මිනිස්සු හැරෙනකොට 👊""",Neutral
443,1071085888573079552,312686220,Fri Dec 07 16:55:50 +0000 2018,"""@cjdrox @ZamanX90 @Amisampath @udaraumd @dushnivi @rothbourne ඇයි හිටියෙ නැත්නම් මහරගම සුදු මල්ලිද සුදු අයියද ලව්ව මට ගස්සන්නද? 😏""",Neutral
445,1071083444849958912,312686220,Fri Dec 07 16:46:07 +0000 2018,"""@cjdrox @ZamanX90 උඹ වගේ ගඳ ගහන ගූ බාල්දියක් නම් පැනල දෙන්න ඕන නෑ""",Neutral
448,1071060606902427648,312686220,Fri Dec 07 15:15:22 +0000 2018,"""@ZamanX90 ආ තව උබේ මොන්ගල් හූඇන්පී සෙට් එකටයි""",Neutral
449,1071054530740023296,312686220,Fri Dec 07 14:51:14 +0000 2018,"""@ZamanX90 ඔව් උබට විතරයි""",Neutral
452,1071039572543365121,312686220,Fri Dec 07 13:51:47 +0000 2018,"""@ChariSamarakoon ඒකනේ අපි එයාව උඩ දාල ජනතාව දැනුවත් කරන්නේ 😜""",Neutral
457,1071007694251679745,312686220,Fri Dec 07 11:45:07 +0000 2018,"""@Disapamok @raviyasas ආ....නේ....එයා වහුකුණ කිව්ව එකත් භාර අරන්දැ? 🤣🤣🤣🔫🔫🔫""",Neutral
458,1071005844156731392,312686220,Fri Dec 07 11:37:46 +0000 2018,"""මං මේ කල්පනා කලේ......🤔  පනිට්ටුව පෙන්නුව විතරයි ඒකි කඹෙත් බැඳන් ඇඳගෙනත් නාල ඉවරනේ  දැන් රෙදිත් හෝදනවලු 🤣 🤣 🤣""",Neutral
459,1071002974141345797,312686220,Fri Dec 07 11:26:21 +0000 2018,"""@Disapamok ඒකි හිතන් ඇත්තේ අපිට පුපේ ඉත්තෑවෝ දුවනව කියලද දන්නෑ ෆේක් වලින් හරි ගිහින් එව්ව බලන්න 😂""",Neutral
460,1071000053714571264,312686220,Fri Dec 07 11:14:45 +0000 2018,"""මිනිහට කාර් එකක් නැත්නම් බඩ වෙන්න බෑ කිව්ව ගෑණිට උඹේ කකුල මොකක්ද? 🤣 https://t.co/bMf4iKv8Gz""",Neutral
461,1070999280964427777,312686220,Fri Dec 07 11:11:41 +0000 2018,"""@Disapamok උඹටත් හරිද දිසා?? 😂😂😂""",Neutral
462,1070998939044724736,312686220,Fri Dec 07 11:10:19 +0000 2018,"""RT @Disapamok: මගේ කකුල කැඩුනා තමයි ඔයා මට කකුල තිබ්බ කාලෙත් කරේ ඔහොමමනේ චූටි නංගී.  ගියසැරේ කැන්ඩි මීටප් එකෙන් පස්සෙ ගෑනු කියන කථා නෙමෙයි…""",Neutral
465,1070995375572496389,312686220,Fri Dec 07 10:56:10 +0000 2018,"""@DulithK මුන්ට Feminist කියනවනම් බැරියැ""",Neutral
466,1070995312917921797,312686220,Fri Dec 07 10:55:55 +0000 2018,"""@nadeerap6 @raviyasas ඒ ගැනනම් කතා කරල වැඩක් නෑ 😂""",Neutral
467,1070995204801355779,312686220,Fri Dec 07 10:55:29 +0000 2018,"""@raviyasas මහ එකාට හපන් මුන් කටු කන එකාලා 😂""",Neutral
470,1070991320422899712,312686220,Fri Dec 07 10:40:03 +0000 2018,"""@raviyasas දැක්කත් අප්පිරියත් මූසල යක්කු ටික. සල්ලි වලට කඩේ යන්න හැත්ත""",Neutral
472,1070984957739229184,312686220,Fri Dec 07 10:14:46 +0000 2018,"""@raviyasas ඔව් මං දැක්කා ආයේ කුලී කාරයෝ ටික එක්ක එකතු වෙලා උඩ දදා යනෝ. බලු බෙටි ටික බලු බෙටි ගොඩටම සෙට් වෙන හැටි 😅""",Neutral
473,1070984902030483456,312686220,Fri Dec 07 10:14:33 +0000 2018,"""@defyixviiithara අනේ මන්ද බ්‍රෝ. මං ඉතින් ඔව්ව ගණන් තියන් ඉන්න එකක් කියල යෑ. අනික උන්ගෙන් මං කාල අඳිනව කියල යෑ???? 🤣 🤣 🤣""",Neutral
474,1070984651886358528,312686220,Fri Dec 07 10:13:33 +0000 2018,"""@imNaviya උඹට අමාරු වෙන්න විදියක් නෑ ඕකිව හොයන්න. අනිත් උන්ට වහල්ලු කිය කිය හෝල් සේල් UNP එකට කඩේ යන එකියක් 🤣 🤣 🤣""",Neutral
475,1070984294439444482,312686220,Fri Dec 07 10:12:08 +0000 2018,"""@imNaviya චූටි ඉතින් නමට තමා. කොරන වැඩනම් නමට ගැලපෙන්නෙ නෑ""",Neutral
476,1070983818746593285,312686220,Fri Dec 07 10:10:14 +0000 2018,"""@defyixviiithara 2015 ඉඳන් අද තමා ඒ දවස උදා උනේ 🤣 . සමරන්න ඕන දවසක් 🍻""",Neutral
477,1070983604199542784,312686220,Fri Dec 07 10:09:23 +0000 2018,"""@EpWickey @Disapamok විමුක්තිකාමී??🤣🤣""",Neutral
479,1070982878408790016,312686220,Fri Dec 07 10:06:30 +0000 2018,"""@Disapamok 🤣🤣🤣 නෑ සිරාවට ඇහුවෙ 😂""",Neutral
480,1070973383251156992,312686220,Fri Dec 07 09:28:46 +0000 2018,"""@Disapamok @raviyasas ප්‍රතිචාරත් දාල ද? දැක්කෙ නෑ මොකෝ ඕකිගෙ එව්ව බල බල ඉන්න මිනිස්සුන්ට වෙන වැඩ නැතුවටෙයි? 😂""",Neutral
481,1070963077158322176,312686220,Fri Dec 07 08:47:49 +0000 2018,"""Feminist එකේ සිංහල තේරුම මොකක්ද ?""",Neutral
482,1070956006148993025,312686220,Fri Dec 07 08:19:43 +0000 2018,"""@Disapamok @raviyasas ආ...කස්ටිය ගෑණිව දන්නව නේ? 😂""",Neutral
490,1070718524962664448,312686220,Thu Dec 06 16:36:03 +0000 2018,"""@Sansajran පිස්සු හුත්තියෙක්. ලෙඩ්ඩුන්ට බුදු සරණයි. මේකෙ එකාලටත් පොත්ත රතුනම් ඒ ඇති කැහැටු බැල්ලියක් උනත් කරේ තියන් යන්න""",Sexism
560,1072716841892511746,4867064842,Wed Dec 12 04:56:39 +0000 2018,"""දෙවෙනි සාර්ථක දවස උදෙසා යන ගමන් 🌺🙊""",Neutral
561,1072693993551450114,4867064842,Wed Dec 12 03:25:52 +0000 2018,"""@duliponline තැන්ක්ස් බං""",Neutral
562,1072693875943206913,4867064842,Wed Dec 12 03:25:24 +0000 2018,"""@_justAHumann ඒ සිරාවට 😮🙊 ඒ කියන්නෙ අපේ බබා ඉපදෙන්නෙ නොවැම්බර් 13🙊""",Neutral
563,1072692340706308096,4867064842,Wed Dec 12 03:19:18 +0000 2018,"""@ranukad ඇයි ඕයි ඉතින් මේකම නේ හැමතැනම 🤧🤧🤧""",Neutral
565,1072690031007940608,4867064842,Wed Dec 12 03:10:07 +0000 2018,"""@Sagara_9 ඔව් යකෝ 😂😂 මං හිතන්නේ උඹ කෙනාව අඳුරන් ඉන්නේ""",Neutral
566,1072689978923147265,4867064842,Wed Dec 12 03:09:55 +0000 2018,"""කැලයක් කියලා හිතාගෙන ඇඳේ චූ කරලද බලන්න.🤔🙄 https://t.co/a88sg9eITN""",Neutral
567,1072689401258401792,4867064842,Wed Dec 12 03:07:37 +0000 2018,"""@_justAHumann ඒකවත් මතක නෑ ඔයාට 😭🙇🏻‍♂️""",Neutral
568,1072688199560966144,4867064842,Wed Dec 12 03:02:51 +0000 2018,"""අනුස් ගේ කෑල්ලද අනුත්තරා 🙆🏻‍♂️🙆🏻‍♂️🙆🏻‍♂️ දැන්නේ ඒක මීටර් වුනේ 🤧""",Neutral
569,1072687364642766848,4867064842,Wed Dec 12 02:59:31 +0000 2018,"""පපර පප්ප පෑං......🙊 https://t.co/BpG4u6o60s""",Neutral
573,1072686806255075328,4867064842,Wed Dec 12 02:57:18 +0000 2018,"""@imNaviya කියලා වැඩක් නෑ 😑""",Neutral
574,1072686700801908736,4867064842,Wed Dec 12 02:56:53 +0000 2018,"""@Its_DHD හම්මෝ බං.😂😂😂❤️❤️❤️❤️ තවම හිනා 😂😂😂😂😂😂😂😂😂❤️😘""",Neutral
575,1072686630736080896,4867064842,Wed Dec 12 02:56:36 +0000 2018,"""RT @Its_DHD: @ExcuzeMiReturn එඩ්‍රස් එක එවපන් ගෙදරට සිමෙන්ති කොට්ට හතරපහක් එවන්ඩ😂""",Neutral
585,1072516501368963073,4867064842,Tue Dec 11 15:40:34 +0000 2018,"""අද මේකේ කෙල්ලෝ ටික සෑහෙන්න ඇක්‍ටිව් 🙄 ෆොටෝ එකක් දාන්න හොඳම වෙලාව.""",Neutral
586,1072515852958875648,4867064842,Tue Dec 11 15:38:00 +0000 2018,"""@Cheese_bole ඔව් මැණික ඔව්. ඔයාට මාව මතකයි නෙ 🙇🏻‍♂️🌺""",Neutral
588,1072513909477777410,4867064842,Tue Dec 11 15:30:17 +0000 2018,"""@_justAHumann @DocaAyya 😂😂😂 අන්න ඒකයි අපි මැරි කරන එකේ වටිනාකම""",Neutral
589,1072507759063695360,4867064842,Tue Dec 11 15:05:50 +0000 2018,"""RT @_justAHumann: @ExcuzeMiReturn @DocaAyya දන්නෙවත් නැති මිනිස්සු ලයික් කරනව..අනිත් දවසෙ ප්‍රොෆයිල් පික්චර් එක මාරු කලත් හම්සව ටැග් කරන්න…""",Neutral
591,1072505251519971328,4867064842,Tue Dec 11 14:55:52 +0000 2018,"""@_justAHumann @Chamalka_N වතුර ෆිල්ටරේ වතුර බීලා නැති උන් එක්ක මොන ගනුදෙනුද රාධා. ඔයා මෙන්න මෙහාට එන්න පැටියා.""",Neutral
592,1072504939711225857,4867064842,Tue Dec 11 14:54:38 +0000 2018,"""@Chamalka_N @_justAHumann රාධාට අනං මනං කිව්වොත් අන්ෆලෝ කරනවා ඈ😡""",Neutral
593,1072504193066434566,4867064842,Tue Dec 11 14:51:40 +0000 2018,"""@NileeGamage @_justAHumann සමාව දුන්නා නිලී ඔයාට. ආ මෙන්න මලක් 🌺""",Neutral
594,1072492381533077504,4867064842,Tue Dec 11 14:04:44 +0000 2018,"""@NileeGamage @_justAHumann කව්ද යකෝ මගේ කෑල්ල්ට හොට්ඩෝග් කිව්වේ 😡""",Neutral
595,1072490776783937536,4867064842,Tue Dec 11 13:58:21 +0000 2018,"""මේකට ලයික් කරලා නැති සේරම වහා ලයික් කරව් 😡🌺 https://t.co/7TEPg0mhOM""",Neutral
738,1072679975063441408,4867064842,Wed Dec 12 02:30:10 +0000 2018,"""සමහර කෙල්ලෝ ෆලෝවස් ටිකක් වැඩි වුනාම හෙන..... චරිත වෙලා 😅 පව්. එහෙම චරිත වුන ගොඩාක් ගෑනු අන්තිමට මේක දාලා ගියේ ආයේ නොඑන්නම. ඒ නිසා උඩ යද්දි පරිස්සමින් නංගී. 🌺 මොකද බිම වැටෙද්දී වැටෙන්නේ අඩි 6ක් වැලලෙන්නම.""",Neutral
739,1072539722445176833,4867064842,Tue Dec 11 17:12:51 +0000 2018,"""රාධව ලව් කරනවා කියන්නේ ඉතින් රජයේ විභාගයක් ලියනවා වගේ තමයි. මුලින් ජාතික හැදුනුම්පත පෙන්නලා අනන්‍ය්තාවය ඔප්පු කරන්න ඕන. 😂😭💁‍♂️🌺 වට් ටු ඩූ. ලව් කරන්නත් එපැයි.""",Neutral
740,1072523855422480384,4867064842,Tue Dec 11 16:09:48 +0000 2018,"""මේ යන විදිහට උඹලා කවදාහරි මට කෝල් කරද්දි එයා ආන්ස්ෆර් කරයි. ආන්ස්ෆර් කරලා . . . "" හෙලෝ මම හසිනි සැමුවෙල් කතා කරන්නෙ කව්ද මේ.. "" කියලා ඇහුවොත් පුදුම වෙන්න එපා.""",Neutral
741,1072170849472438277,4867064842,Mon Dec 10 16:47:05 +0000 2018,"""වෙලාවකට හිතෙනවා ඔක්කොම වැඩ පැත්තකට දාලා ‌BRAZZERS එකට ගිහින් ඩිස්ටි ඩිඩින් එක පෙන්නලා කීයක් හරි හොයා ගන්න. ඒ ජොබ් එක වරදක් නෑ මොකද ඉතින් ඕක නොපෙන්වුවා කියලා මෙච්චර කාලෙට මෙකේ උන් අපිට කන්න දුන්නායැ.""",Neutral
742,1072162949345636352,4867064842,Mon Dec 10 16:15:41 +0000 2018,"""නෝමලි ලඟ ලඟ වෙඩින් දෙකක් සෙට් වෙද්දී, මේ වෙඩින් එකට ආපු එවුන් අර වෙඩින් එකට එන ප්‍රවනතාවය ඉතාමත් අඩු නම්, වෙඩින් දෙකටම එකම ඇඳුම් ඇඳීම සම්භාවිතාව 100% යි මිත්‍රවරුණි.""",Neutral
743,1072156868234108934,4867064842,Mon Dec 10 15:51:31 +0000 2018,"""ඉස්කෝලේ යන කාලේ මට හොඳටම ඉංග්‍රීසි පුලුවන්. පන්තියේ යාලුවෝ සඩන්ලී එන ඩවුට්ස් පවා මගෙන් අහගෙන ක්ලියර් කරගන්නේ. කාලෙත් එක්කම මන් ඇඩ්වටයිසින් ඒජන්සියකට ජොබට ගියා. එකේ එවුන් කතා කරන ඉංග්‍රීසි දැක්කමයි මට තේරුනේ ඒ කාලේ මගේ කඩ්ඩ පොලිශ් නෙවේ, අපේ පන්තියේ එකෙටවත් කඩ්ඩ බෑ ම බෑ කියන එක 😐""",Neutral
744,1072153724116598785,4867064842,Mon Dec 10 15:39:02 +0000 2018,"""පොඩියා මොකෝ ඕයි අර විඩීයෝ එකේ "" වාහන වල ඉස්සරහා අලවලා තියෙන්නේ අර ඔලුව හොලවන බල්ලා "" වගේ ඔලුව හොලවන්නේ ? 🤨 ඕකා හොඳයි මලගෙවල් වල නටන්න. මන් මැරුනම මුට ෆස්ට් ඉන්විටේශන් එක දෙන්න කියලා අපේ අම්මට මේ දැන් කියලා ආවේ. කැ*ම ඩාන්ස් එක. 🌺""",Neutral
745,1072148848015888384,4867064842,Mon Dec 10 15:19:39 +0000 2018,"""‌ අර මෙකේ ඉන්න එල කොල්ලෝ සෙට් එක සඩන්ලී ට්‍රිප් එකක් ගියපු එකට සමහර ට්විප්ස්ලට එච්චරට හිතට ඇල්ලිලා නැහැ 😂 ආතල් එකට වගේ උන් සිරාවටම අරුන්ට හින්ට් ගහන හැටි දැක්කහම කොහෙන් හිනා වෙන්නද හිතාගන්න බැහැ.""",Neutral
746,1072144158574276609,4867064842,Mon Dec 10 15:01:01 +0000 2018,"""මට නම් ඔය මීටප්ස් ගිහින් පුරුදු නෑ. ගෙදර ඉඳලා පොර ටෝක්ස් දීලා හෙන චරිතේ වඟේ රඟන එක තමයි මගේ විනෝදාංශය. මන් ඔය මීටප් වලට ගියත් කරන්නේ පැත්තකින් වාඩිවෙලා ෆෝන් එක ඔබන එක. ආසවට ගිහින් එකෙක් එක්ක කතා කරන්නේ නෑ. ලොකු කමට නෙවේ. ඉස්සර ඉඳන් මගේ සමාජ අශ්‍රය අඩුයි. 😐""",Neutral
747,1072142590881873920,4867064842,Mon Dec 10 14:54:47 +0000 2018,"""රාධා නැතිව හරි පාලුයි. පව් එයාට ගොඩාක් වැඩ ඇති. ලංකාවට ආවහම මාත් එක්කම ටයිම් ස්පෙන්ඩ් කරන්න හිතන් ඉන්න නිසාද කොහෙදෝ එයා දැන් දැන් මාත් එක්ක වැඩිය කතා නැහැ. මාත් කැමති නැහැ එයාගේ නිදහසට බාදා කරන්න. හැබැයි එයාව ගොඩක් මතක් වෙනවා. එයත් ඒක දන්නවා. ඒත් දෙන්නම හිත හදාගෙන ඉන්නවා.""",Neutral
748,1071839254739709953,4867064842,Sun Dec 09 18:49:26 +0000 2018,"""තැවෙනා ඒ.. සිත නොදැනී වගේ.. වැටෙනා කඳුලු නොදැනී වගේ... දැවෙනා ඒ.. දුක නොදැනී වගේ... මං ආවා.... ඒ.. සිත සඟවන් මෙසේ... වැටෙනා කඳුලු සඟවන් මෙසේ.. දැවෙනා ඒ.. දුක සඟවන් මෙසේ... මං ආවා.... හීන මකා... හංගාලා... මං ආවා... රවටාලා.. මුමුනා සඟවා.. මං ආවා... ආ...ආ....ආ....""",Neutral
749,1071837504335048704,4867064842,Sun Dec 09 18:42:29 +0000 2018,"""ට්විටර් එකේ සාමන්‍ය කොල්ලො සෙට් එකක් ඔහොම ට්‍රිප් ගිහින් ෆන් එකක් ගන්නවා කියන්නේ අන්න ඒක වටිනවා. ෆලෝ කවුන්ට් නෑ, කන්ඩිශන් නෑ, ට්විට්ස් කවුන්ට් නෑ, ඕල්ඩ් ද නිව්ද නෑ, ඩීසන්ට් ද ගොඩේ ද නෑ, ඉංග්‍රීසි පුලුවන්ද බැරිද නෑ, ආතල් එකක් ගන්න රෙඩි ද එහෙනම් වරෙන්. එල බං.🌺""",Neutral
750,1071833240560791552,4867064842,Sun Dec 09 18:25:32 +0000 2018,"""අද හොඳ ෆන් එකක් ගත්තා. දවල් ගියා ෆැමිලි ගෙට් ටු ගෙදර් එකට. කාලෙකින් ෆැමිලි එකේ ගොඩ දෙනෙක්ව දැක්කේ. ඉස්සර වගේ නෙවෙයි දැන් මට ලොකු පිලිගැනීමක් තියනවා. ඒක දැක්කම නිහතමානී ආඩම්බරයක් දැනුනා. හවස් වෙලා මල්ලිලා එක්ක ෆිල්ම් එකක් බලන්න ගියා. උන් එක්කම ඩිනර් එකත් අරන් මේ දැන් ගෙදර ආවේ. 🌺""",Neutral
751,1071826559248457728,4867064842,Sun Dec 09 17:58:59 +0000 2018,"""ෆැමිලි එකේ කෙල්ලෙක්ට ඉස්සර පොඩි ක්‍රශ් එකක් තිබ්බා. හැබැයි කවදාවත් කතා කරලා නැහැ. අද ඒකීව දැක්කා අවුරුදු 10 කට විතර පස්සේ. ෆැමිලි ගෙට් ටු ගෙදර් එකේදි. එයාට දැන් එයා වගේම ලස්සන පොඩි බබෙකුත් ඉන්නවා. ආයේ ඉතින් බැලුවෙ නෑ කෙලින්ම බබාව වඩාගෙන ඉම්ඹා. ඒක හරි අමුතු ෆීලිං එකක් බං. 🙇🏻‍♂️🌺""",Neutral
752,1071740303650938880,4867064842,Sun Dec 09 12:16:15 +0000 2018,"""අච්චර සල්ලී දීලා ෆ්ලයිට් එකේ ගිහින් වලාකුළු පහුවුනාම ඇයි බන් ආයේ සමහර එවුන් පොළවට පනින්නේ ?  යකෝ ඒ වගේ වැදගත් ගමනක් යද්දි හරි මුන්ට තමන්ගේ අවශ්‍ය බඩු ටික අමතක නොවී හරියට පැක් කරගන්න බැරි වුනාද ? 😐""",Neutral
753,1071668385245622272,4867064842,Sun Dec 09 07:30:28 +0000 2018,"""1,000 වෙනි ට්විට් එක. ට්විට්ස් 1,000 ක් දාන්න අවුරුදු 8 ක් ගියා කියන්නෙත් විහිලුවක්. ඒත් ඒකයි සත්‍ය. පල්ලෙහට යන ගමන් විශ් කරගෙන යන්න 2026 වෙද්දී ට්වීට්ස් 2,000 ක් දමා ගැනීමට ශක්තිය දෙර්‍යය ලැබේවා කියලා.""",Neutral
754,1071661519664902144,4867064842,Sun Dec 09 07:03:11 +0000 2018,"""ඔය ලක්ශපති එකේ දිනන උන් සෙට් එක බෙන්තර ගඟෙන් එහා වෙන එකමයි හොඳ. නැත්තන් මේ ගේම් එක ආතල් නෑ. හැමදාම අපි උන්ට ආතල් දිදී ඉන්නවා නිකං නෙදර්ලන්ඩ් ශ්‍රි ලංකා මැච් එකක් වගේ. උන් සිම්බාබේ ගානට හරි ෆෝම් වුනොත් තමයි මැච් එක බලන්න පුලුවන්.""",Neutral
755,1071637153724063744,4867064842,Sun Dec 09 05:26:22 +0000 2018,"""මගේ රාධා කොයිද දන්නේ නෑ. අපි දෙන්නා අද තමයි ලව් එක පටන් ගත්තේ. ඒ නිසා තාම නම්බර්ස් එහෙම ශෙයාර් කරගත්තේ නෑ. රාධා කැමති බලු පැටවුන්ටලූ.  ඒ නිසා මං අද ඩිනර් එකට ගත්තේ ඩෝග් ෆුඩ්. අපේ තාත්තිට කියලා එලියෙන් බලු කූඩුවකුත් ගහගත්තා. අද ඉඳන් රාධා මට අයි ලව් යූ කියනකං මං දොයියන්නේ ඒකේ. 🐶🌺""",Neutral
756,1071432480987635712,4867064842,Sat Dec 08 15:53:04 +0000 2018,"""ගෙදර කට්ටිය මාර කරදරේ එයාලව ක්‍රිකට් මැච් එකක් බලන්න එක්ක යන්න කියලා. ලංකාවේ ගොඩාක් තැන් වලින් කලින්ම ටිකට් අරන් තියාගෙන වැඩි මිලට විකුණන නිසා මේ පාර ෆැමිලි එකම නවසීලන්තයට එක්කන් යන්න හිතන් ඉන්නේ ශ්‍රී ලංකා නිව්සිලන්ඩ් සීරිස් එක බලන්න. #පොරTweets""",Neutral
757,1071416300839165953,4867064842,Sat Dec 08 14:48:46 +0000 2018,"""‌එදා නෑදෑයෝ ටිකක් ගෙදර ඇවිත් ඇන්ඩ්‍රොයිඩ් චාජර් නැද්ද චාජර් නැද්ද අහනවා මල කරදරේ. මේ පාර යූ ඇස් ගිහින් එද්දී නැදෑයෝ හැමෝටම අයිෆෝන් එක්ස් එස් එක ගානෙ ගෙනත් දුන්නා. නැත්තන් මුන්ට චාජින් කේබල් හොයලම මන් වයසට යනවා. #පොරTweets""",Neutral
758,1071415162492473344,4867064842,Sat Dec 08 14:44:15 +0000 2018,"""එදා ගමේ පොඩි උන් ටික ආවා ආදාරයක් ඉල්ලගෙන. මන් ඇහුවා මල්ලිලා මොකටද මේ ආදාර එකතු කරන්නේ කියලා. උන් කිව්වා අයියේ අපිට හරියට සෙල්ලම් කරන්න මේ ගමේ පිට්ටනියක් නැහැ කියලා. එදා හවසම බැකෝ 8 ක් දාලා හදලා දුනා ග්‍රවුන්ඩ් එකක් එකපාරට මැච් 15 ක් විතර පැති 15 ක ගහත හැකි. #පොරTweets""",Neutral
769,1071938023560900609,1219328588,Mon Dec 10 01:21:55 +0000 2018,"""RT @KandyinStyle: සෞඛ්‍යට අහිතකර රසයන ද්‍රව්‍ය ‍යොයා, කහට බැඳීම වලක්වන පොලොස් මහනුවර නගරයෙ කල පරික්ෂාවකින් අල්ලාගෙන ඇත. කපා පිරිසිඳු කල ආහා…""",Neutral
771,1071578824691740674,1219328588,Sun Dec 09 01:34:35 +0000 2018,"""RT @ExcuzeMiReturn: ඉස්සර මං මනුස්සකම තමයි වටින්නේ කියලා හැමදේම අතහැරලා මිනිස්සුන්ව ආශ්‍රය කරන්න පටන් ගත්තා. යාලුවෝ හෙන ගොඩයි මට. කාලයක් ය…""",Neutral
772,1071578566272286722,1219328588,Sun Dec 09 01:33:33 +0000 2018,"""RT @tharindu_dilanj: මං මෙතන නම කියන් නැතුව tweet කලා කියලා මට බැන්නා, කුහකකම, හැමෝටම travel කරන්න අයිතියක් තියනව කියල බක පන්ඩිතයො ටිකක්,…""",Neutral
785,1068083277532024833,1219328588,Thu Nov 29 10:04:32 +0000 2018,"""අපි lion king එනකන් බලාගෙන ඉන්නවා.. ලංකාවෙ පොඩි උන් එහෙ මරා ගන්නවා.. අපේ හාමුදුරුවනේ කාටද මෙවා කියන්නේ......#සිරාසිද්දි""",Neutral
786,1068083220246224896,1219328588,Thu Nov 29 10:04:18 +0000 2018,"""RT @indika27: 1998 දි මේ බාලවයස්කාර දැරියගේ ඇස් ඉදිරියෙ ඇගේ මව එල්ලලා වදදීල මරද්දි ඇගේ වයස 13යි.. මේ තීන්දුව දෙන්නෙ 2018 එතෝට ඇයට 33ක් වයස.…""",Neutral
790,1067204650485538816,1219328588,Mon Nov 26 23:53:11 +0000 2018,"""RT @Gaveenk: දැන් ඉන්න පොඩි උන්ට ඉස්සල්ලම වැඩිහිටියන්ට ගරු කිරීම උගන්නන්න ඕනේ.""",Neutral
792,1066967859283156992,1219328588,Mon Nov 26 08:12:15 +0000 2018,"""RT @iRuwanthi: දෙවනි ඉනිම බලලා මිනී මරා ගන්නවනම් අපි x-files බලපු බැලිල්ලට FBI එකේ ඉන්න ඔනී..""",Neutral
793,1066960831483531265,1219328588,Mon Nov 26 07:44:20 +0000 2018,"""RT @dudeum_Nethu: මාතර උංගෙ ට්වීට් වලට රිප්ලයි කරන්නත් බයයි. ඕකුං ඇන්නොත් එහෙම.""",Neutral
794,1066960627342557184,1219328588,Mon Nov 26 07:43:31 +0000 2018,"""RT @kenshanaka: මිනී මරන පොඩි උන් දෙවැනි ඉනිම බලන්නෙ නෑ,  එහෙනම් බලන්න ඊට වඩා එව්වා තියෙනවා...""",Neutral
798,1065887570804977664,1219328588,Fri Nov 23 08:39:34 +0000 2018,"""@dilanka25 අපේ පන්තියෙත් එකෙක් ඉන්නවා. හැමදාම බොනවා. ඊට පස්සේ පාඩම් මතක නෑ කියලා අඩනවා.....""",Neutral
799,1065223922457567232,1219328588,Wed Nov 21 12:42:28 +0000 2018,"""RT @tnMeedin: චන්දයක් තිබ්බොත් මම මානව අයිතිවාසිකම් නඩුවක් දානව. අවුරුදු පහකට සැරයක් තියන්න ඕන මහ මැතිවරණය අවුරුදු 3 මාස හයකින් තියල රටේ ස…""",Neutral
800,1064734157736046592,1219328588,Tue Nov 20 04:16:19 +0000 2018,"""@dilanka25 Was it today?? Apita ඊයෙ දවසම ඔහොමයි 😑""",Neutral
805,1061141413264379904,1219328588,Sat Nov 10 06:20:02 +0000 2018,"""@dilanka25 ඊළඟ අවුරුද්දේ තමා....😑""",Neutral
806,1060627763269255168,1219328588,Thu Nov 08 20:18:58 +0000 2018,"""@dilanka25 බැරි ද මටත් රස්සාවක් හොයලා දෙන්න🙏""",Neutral
808,1060610333696348160,1219328588,Thu Nov 08 19:09:43 +0000 2018,"""RT @tikirimaarie: @Erandeeplus අඩේ බලන්නෝන😌 තෑන්ක්ස්💕""",Neutral
813,1060127163192504320,1219328588,Wed Nov 07 11:09:46 +0000 2018,"""@dilanka25 ගොඩක් අයට අයිතිකාරයො හම්බූනා.....""",Neutral
815,1059606743330615296,1219328588,Tue Nov 06 00:41:48 +0000 2018,"""RT @Twin_Malli: මේක නිසාචර ආණ්ඩුවක්ද බන් ?  ඔක්කොම සීන් කෝන් වෙන්නේ රෑටනේ. 🤔""",Neutral
819,1053820093962969088,1219328588,Sun Oct 21 01:27:44 +0000 2018,"""RT @maalupaan: යකො මගෙ වයසෙ කෙල්ලන්ට දෙවනි ලමයත් හම්බ වෙලා...අපි මොනවද මේ ජීවිතේ කරගෙන තියෙන්නෙ යකෝ 😂""",Neutral
821,1052075667716808704,1219328588,Tue Oct 16 05:56:00 +0000 2018,"""RT @MaheshNegombo: ගොඩක් වෙලාවට තෝරාගත් දුම්‍රියපල වලදී මේ වැට හම්බෙනව. ඒ මගීන්ගේ ආරක්ශාවට දාපු එකක්. කෝච්චිය ඇවිල්ල හරියටම ඒ අදාල දොර ගාවි…""",Neutral
826,1050211260959084544,1219328588,Thu Oct 11 02:27:31 +0000 2018,"""@MaheshNegombo ජය වේවා!! 🙏😊""",Neutral
827,1050211117975318528,1219328588,Thu Oct 11 02:26:57 +0000 2018,"""RT @MaheshNegombo: @Erandeeplus ඔන්න 600 වෙනි ෆලෝවර් 😃😃""",Neutral
0,1075967834671374336,973814985234272256,Fri Dec 21 04:14:56 +0000 2018,"""@Sanju_Live දිගටම නොනවත්වා මෙහෙම උනොත් අපිට සිද්ද වෙනව ක්‍රියාමාර්ගයක් ගන්න.. ගහනව අපිත් ඔක්කොම ඩුප්ලිකේට්..""",Neutral
1,1075942865950425088,3165646736,Fri Dec 21 02:35:43 +0000 2018,"""@Dilan_Perera45 කොපි කරලා සර්ච් කරලා බලන්න ඔයාට සැක නම් ඕකෙ ඔරිජිනල් කාගෙද කියලා හුම්😒""",Neutral
2,1075937583576829957,2713529238,Fri Dec 21 02:14:44 +0000 2018,"""එඩේරා පසුපස ගව රැල එන්නා සේ අපි පසු පස අපේ ගව රැල එනවලු...අයියො ....🤣🤣🤣 https://t.co/DD39YRdrWR""",Neutral
3,1075933584626569216,324432673,Fri Dec 21 01:58:51 +0000 2018,"""@milindarj රංගේ ඉන්නවා... කොහොමත් මෙෙත්‍රීගේ සෙල්ලම් තව උපරිම උනොත් දවස් 352යි... 😂""",Neutral
4,1075921815174832128,147184014,Fri Dec 21 01:12:05 +0000 2018,"""බේරු­වල හොරො­යින් තොගයේ සැක­ක­රුවෝ රිමාන්ඩ් https://t.co/Yan4JyZIGG""",Neutral
5,1075917438301003776,980446497685852160,Fri Dec 21 00:54:41 +0000 2018,"""තිලා උඹ එදා මේ කෙල්ලට මතුරපු නාරං කැවුමක් කැව්ව නේද? ඇත්ත කියාපන්.. මට සැක හිතුන ළඟටම වෙලා ඉඳගෙන හිටපු විදිහට 🤨🤨 https://t.co/cdlhoDv11C""",Neutral
6,1075891717428178944,3165646736,Thu Dec 20 23:12:29 +0000 2018,"""@RakzzMaduOnline @Chamalka_N @Soulchild_Rishi ෆේක් එකක් කියලා හිතලා බ්ලොක් කරනවා තව ටිකෙන්😂""",Neutral
7,1075843006811365376,1060024229167489024,Thu Dec 20 19:58:55 +0000 2018,"""@ChanakaDinushan @SajithP අනේ පල හුත්තො තොපේ මහ එකාගෙ දවසක වියඳම කීයද ඒ දවස් වල""",Neutral
8,1075802379847557120,905674137133133824,Thu Dec 20 17:17:29 +0000 2018,"""@DJSlash9 @moogater @RathuMakaraFM_ එන්න එන්න දැන් පරක්කු නෑ... මුළ ටික හෙට https://t.co/p7vdVphhDN එකෙන් අහමු ඊට පස්සේ ආයම 🙊""",Neutral
9,1075795210624557057,343755137,Thu Dec 20 16:49:00 +0000 2018,"""@maalupaan හා මම ලංකාවට ආපු දවසක ඔයාගේ මාළූ පාන් හදලා දෙන්න""",Neutral
10,1075793783051042816,3238982816,Thu Dec 20 16:43:19 +0000 2018,"""@nwty_ck @dudeum_Nethu අපිටත් එහෙම කරයිද දන් නෑ දවසක 😥😥😥""",Neutral
11,1075784895820050432,3238982816,Thu Dec 20 16:08:00 +0000 2018,"""හිතලා ට්වීට් දානවට වඩා ඩුබ් ගහන එක නම් 😍✋🤝""",Neutral
12,1075776273211768833,2473955773,Thu Dec 20 15:33:45 +0000 2018,"""@MatiBole බෑනෙ මැටිබෝලෙ කරන්න...ගමේ කෙල්ලො ගැන හිතලා නොයා ඉන්නවා 😂✌🏽  අර නාඩගමේ රජාට ඇන්ද සීන් එක වෙන්නෙ නැත්තන් 🤭""",Neutral
13,1075759595908300800,973814985234272256,Thu Dec 20 14:27:28 +0000 2018,"""@Madurangakalpa1 ගහමු..පතා එකේ... දවසක..😁""",Neutral
14,1075750684065116160,1302348002,Thu Dec 20 13:52:04 +0000 2018,"""නංගි තරහ වෙලා කියහල්ලකො... ඕක කෙල්ලට ආරංචි උනොත් කෙලින්ම නෑන පොඩ්ඩගෙ පැත්ත අරන් මාව බලයෙන් පහ කරනව කියහල්ලකො....😌""",Neutral
15,1075748464477249537,2315810478,Thu Dec 20 13:43:15 +0000 2018,"""එක දවසක අපි නුපුරුදු සුවඳක හිත හෙමිහිට බැඳුනා අප හමුවුණු හිනැහුණු මතකය  සසර පුරුදු හැඟුණා  🖤🖤🖤 — feeling loved""",Neutral
16,1075744897368449024,1319729186,Thu Dec 20 13:29:04 +0000 2018,"""@nsadisha 😂😂😂😂 ආපු දවසක පෙනන""",Neutral
17,1075743213376364546,1075417369273458690,Thu Dec 20 13:22:23 +0000 2018,"""@techn0ish 😂😂😂 මේකට මොනාට් උනොත් මං ආයෙ ටුයිටර් නෑහ් 😂🤘""",Neutral
18,1075743194183135232,199129412,Thu Dec 20 13:22:18 +0000 2018,"""@MatiBole උදම්මිට පාරෙන් එන දවසක අනිවා එනවා ඔන්න""",Neutral
19,1075737752006647808,2533578847,Thu Dec 20 13:00:40 +0000 2018,"""@PeirisDarshana මම හොයලා හිතලා නෑ. ඇහෙන යමක් විතරයි.""",Neutral
20,1075692140599148547,1685742714,Thu Dec 20 09:59:26 +0000 2018,"""@MatiBole ම්ම්ම්ම් බැරිවෙලාවත් සැන්ටා උනොත් මුලින්ම හොයලා දෙන්නේ ඔයාට එහෙනම්.. ☺️""",Neutral
21,1075670371821645824,150624162,Thu Dec 20 08:32:56 +0000 2018,"""විද්‍යාත්මක ව හිතලා කාන්තා කටයුතු හා වියලි කලාප සංවර්ධන අමාත්‍යාංශය හැදුවා. දැන් කාන්තාවන් ගේ වියලි කලාප සංවර්ධනය වෙයි මේම මේම.""",Neutral
22,1075666053907312640,345649350,Thu Dec 20 08:15:46 +0000 2018,"""@PoDiyaa වටයක් දෙකක් දාලා බැරිම උනොත් හිස් අතින් ෆිටෝන් එකට ගිහින් ආයේ වරෙන් 😂""",Neutral
23,1075653126542114816,1075417369273458690,Thu Dec 20 07:24:24 +0000 2018,"""අනේ නිකන් ඉන්නව සංජු අක්කෙ 😂 ඔයාහෙ 6යිද ලිස්ට් එක 🙊🙊 ආයෙ හදන් නෑමයි මේකට මොනාහරි උනොත් 😂 https://t.co/7eoD8BRUYz""",Neutral
24,1075650598580543489,1075417369273458690,Thu Dec 20 07:14:21 +0000 2018,"""@AchiniHansima එහෙම උනොත් නම් ලොකු දෙයක් 😭♥️""",Neutral
25,1075631388001353728,1075417369273458690,Thu Dec 20 05:58:01 +0000 2018,"""@chathuranga513 ඔව් ඉතින් දෙකක් හදලත් මෙහෙම උනානෙ. මේකටත් එහෙම උනොත් ආයෙ හද න්නද ? බෑනෙ""",Neutral
26,1075620470269956096,1326867456,Thu Dec 20 05:14:38 +0000 2018,"""සමහරු කතා කරන්නේ නිකන් ජනාධිපතිපති හිතලා කට්ටියව පත් කරනවා වගේනේ. 😂😂😂  පව් අර අහිංසකයා. 😁😂""",Neutral
27,1075614985584205824,1075417369273458690,Thu Dec 20 04:52:51 +0000 2018,"""@Nadeez__ හා බායි එහෙනම් 😂 මොනාහරි උනොත් බායි කියන්න වෙන්නෙත් නෑනෙ 😂😂😂😂""",Neutral
28,1075612975178772480,730199737333207041,Thu Dec 20 04:44:51 +0000 2018,"""@wishawanath හහා 😂😂😂 එහෙමවත් සෙට් උනොත් තමා අපිට""",Neutral
29,1075612716176293888,880606053754208256,Thu Dec 20 04:43:50 +0000 2018,"""අර්ජුන් ඇලෝසියස් හදිසියේ අසනීප වෙයි - ඩෙංගුදැයි සැක - https://t.co/8bZoOfHdHU""",Neutral
30,1075612714746007552,2921561887,Thu Dec 20 04:43:49 +0000 2018,"""අර්ජුන් ඇලෝසියස් හදිසියේ අසනීප වෙයි - ඩෙංගුදැයි සැක - https://t.co/RkGbK2kU8K""",Neutral
31,1075608706002280448,1075417369273458690,Thu Dec 20 04:27:54 +0000 2018,"""@Nadeez__ නෑ නෑ නෑ 😂😂😂 පරණ එක හදාගත්තොත් ඉන්නව. මේකටත් ඒකම උනොත් එන්නෙ නෑ නෑ නෑ නෑ නෑ""",Neutral
32,1075607615688761345,1075417369273458690,Thu Dec 20 04:23:34 +0000 2018,"""මම මේක නැති උනොත් ආයෙ ටුයිටර් එන්නෙ නෑ 😂 https://t.co/yx0XHIdIGl""",Neutral
33,1075607167225409538,1075417369273458690,Thu Dec 20 04:21:47 +0000 2018,"""@Nadeez__ හා එහෙනම් 😏 ආයෙ ඉතින් මේකත් නැති උනොත් නම් හදන්නෙ නෑමයි එකක් 😂 පරණ එක හරි ගියොත් නම් 😍😍😍😍😍😍😍😍😍😍""",Neutral
34,1075603323397361664,1075417369273458690,Thu Dec 20 04:06:30 +0000 2018,"""මේකටත් මොනාහරි උනොත් ආයෙ ටුයිටර් එන්නෙ නෑ 😂👋""",Neutral
35,1075603008963043328,3238982816,Thu Dec 20 04:05:15 +0000 2018,"""@Sansajran @dead_mans_creed 😂😂😂 මාත් දැම්මා එහෙම හිතලා""",Neutral
36,1075588326277685254,2399526168,Thu Dec 20 03:06:55 +0000 2018,"""අර්ජුන් ඇලෝසියස් හදිසියේ අසනීප වෙයි - ඩෙංගුදැයි සැක https://t.co/pYURblAJDo https://t.co/pYURblAJDo""",Neutral
37,1075588291469238272,288156548,Thu Dec 20 03:06:46 +0000 2018,"""අර්ජුන් ඇලෝසියස් හදිසියේ අසනීප වෙයි - ඩෙංගුදැයි සැක https://t.co/LTcyrbML7T https://t.co/LTcyrbML7T""",Neutral
38,1075586235991773189,233860469,Thu Dec 20 02:58:36 +0000 2018,"""@Lovely_Paba @tharu__ @akhilasg @Nadeez__ පබා අපි ආයෙම දවසක කතා කරමු.""",Neutral
39,1075561569692602368,965533805179174912,Thu Dec 20 01:20:35 +0000 2018,"""සත්තයි දවසක ඔබ හඩනවා මම හඩන තරමටම....""",Neutral
40,1075470854379704320,233860469,Wed Dec 19 19:20:07 +0000 2018,"""අපි ආයේ ඒ ගැන දවසක කතා කරමු. https://t.co/Fe45fEqV12""",Neutral
41,1075440629037989888,432130044,Wed Dec 19 17:20:01 +0000 2018,"""@Jude_H_Fernando @tikirimaarie වැඩිම උනොත් ඇවිත් ""haha"" emoji එකක් දාල යාවි 😂😂""",Neutral
42,1075435199666614273,1075417369273458690,Wed Dec 19 16:58:26 +0000 2018,"""@sheshandj ඔයා තමා වගකියන්න ඕනෙ ඔහොම කියල මට මොනාහරි උනොත් 😏😭""",Neutral
43,1075429878860734465,3251654766,Wed Dec 19 16:37:18 +0000 2018,"""@Rasthiyaduwa ✋😂 දවසක හාද""",Neutral
44,1075419885986029568,1056620438477045763,Wed Dec 19 15:57:35 +0000 2018,"""නුඹ නැතුව හිත හැදෙන් නෑ ළඟට ඇවිදින් අඬන් නෑ ලැබෙන දවසක ලැබෙනවා නම් සිතින් කිසිදින හැලෙන් නෑ.. #සිතුවිලි""",Neutral
45,1075418248890511362,233860469,Wed Dec 19 15:51:05 +0000 2018,"""@MatiBole එන්නේම නැති උනොත්.""",Neutral
46,1075417589327659008,192037491,Wed Dec 19 15:48:28 +0000 2018,"""@AyeshaShehani බොහෝම ස්තූතියි අයේසෝ! ඉක්මනට දවසක හම්බෙමු? තිසූගෙන් කේක් ගන්නත් තියේ.""",Neutral
47,1075409043022180354,2993019091,Wed Dec 19 15:14:30 +0000 2018,"""@DraXTwitt උඹ දැන් වැඩ කරන තනේ නැති උනොත් එහා තනට පැනපං. ගොඩං වෙලාවට ඔව්වා එක වගේ 😂😂🤣""",Neutral
48,1075403386067927040,995273332843950080,Wed Dec 19 14:52:01 +0000 2018,"""🍃.......... අපි ආයෙත් හමු නොවුනා නම් ඉස්සර දවසක මියගිය සෙනෙහස  යලි ඉපදී මා හද හඬවන්නට අපි ආයෙත් හමු නොවුනා නම්...🍂  #සදාකාලිකනොවූලෝකේ""",Neutral
49,1075403200348463104,233860469,Wed Dec 19 14:51:17 +0000 2018,"""@Jude_H_Fernando @piumi_silva ආයේ ඒවා ගැන හිතලා හිත මෙව්වා කර ගන්න එපා.""",Neutral
50,1075398782509084673,911206472956223488,Wed Dec 19 14:33:44 +0000 2018,"""@_Thamarasa_ එල එල.. නැත්තන් අපෙ අම්මලගෙ ගමේ එන දවසක මම එනවා ඔහේ..😂😂😂""",Neutral
51,1075390738396012545,911206472956223488,Wed Dec 19 14:01:46 +0000 2018,"""@Annnuza අාහ් එහෙමද.. එල.. පස්සෙ දවසක සෙට් වෙමු එහෙනම්...""",Neutral
52,1075362193548337152,885726737073451009,Wed Dec 19 12:08:20 +0000 2018,"""@_ouTliER__ අගමැති උනොත් මට රස්සාවක් දෙන්න අක්කේ""",Neutral
53,1075357957892833281,233860469,Wed Dec 19 11:51:31 +0000 2018,"""@maalupaan බැරිම උනොත් වරෙන් මෙහෙ. ගහල කීයක් හරි හොයන් ජීවත් වෙමු. මම කීවේ ෆොටෝ ගහල.""",Neutral
54,1075335857983315968,777383704368775168,Wed Dec 19 10:23:41 +0000 2018,"""@FriendsGammadda ඒ makeup කරන දේවල් නෙමෙ.අනික මං makeup කරන්න දන්නේ නෑ 😂 වැඩිම උනොත් lipstick සහ eye liner පාවිච්චි කරයි 😂""",Neutral
55,1075333797292326913,965080511205949440,Wed Dec 19 10:15:30 +0000 2018,"""@Jude_H_Fernando හම්මේ ඉතින් 😂👊... මේ මාසෙ ෆුල් බිසී නසියරේ.. හම්බවෙමුකො දවසක 🖤""",Neutral
56,1075287281508831233,2473955773,Wed Dec 19 07:10:40 +0000 2018,"""@SHAN_EVO_ දවසක එන්නම් බීලා යන්න 🍻""",Neutral
57,1075276452445151232,905674137133133824,Wed Dec 19 06:27:38 +0000 2018,"""@PinkySandaruwni අපි හිතලා ඒක කරලා දෙමු... අකැමැති වෙන්න දෙයක් නෑ.. අපි දෙන්නට කැමතියිනේ 😏""",Neutral
58,1075271169970921473,875015304639676417,Wed Dec 19 06:06:39 +0000 2018,"""@SHAN_EVO_ @CHIRU_Vibes කෝමත් දවසක මීට් වෙමුකෝ 😊""",Neutral
59,1075270084820590592,3927393580,Wed Dec 19 06:02:20 +0000 2018,"""@nadeerap6 තවම.නෑ ඉස්සරහට නැති උනොත් කියන්නම්කො""",Neutral
60,1075268863833432064,1014093357318934529,Wed Dec 19 05:57:29 +0000 2018,"""@RShashiya @PinkySandaruwni සස් පෙන් අනේ ඇන්ටිගේ යාලුවෙක් උනොත් කියල කියන්නෙ 😂""",Neutral
61,1075268593770586112,2425930645,Wed Dec 19 05:56:24 +0000 2018,"""@PinkySandaruwni @RakzzMaduOnline මොන පෙන් උනොත්.. ???""",Neutral
62,1075266730887446529,1685742714,Wed Dec 19 05:49:00 +0000 2018,"""අහල පහල ගෙදරකින් #රතුමකරාFM එකේ ඔටෝ ප්ලේ යන සිංදු වගේ සෙට් එකක් ඇහෙනවා.. 🤔 සැක සහිතයි..""",Neutral
63,1075265885835689984,2425930645,Wed Dec 19 05:45:39 +0000 2018,"""@da_sukiya @imhiran99 ඔය රිප්ලයි එක මකාං යකෝ. බඩු බනිස්වෙයි. ඉංගිරිසියෙන් ප්‍රොනව්න්ස් උනාට අකුරු සිංහල උනොත් කේස්""",Neutral
64,1075205669094129665,212847371,Wed Dec 19 01:46:22 +0000 2018,"""මාගේ දෑස දෙස බලනු! මෙතැන් පටන් ඔබ ඇසිපිය ගහන්නෙ හිතින් හිතලා.""",Neutral
65,1075205618623893504,877432405014888449,Wed Dec 19 01:46:10 +0000 2018,"""අපෙ ගෙවල් පැත්ත අරාබිය වගෙ උනාට මෙ ලගදි දවසක රුවැති යුවැතියක් පැමිනියා  අම්මො අම්මො""",Neutral
66,1075193453183676416,1685141124,Wed Dec 19 00:57:50 +0000 2018,"""ජිම් යන එකට් එපා වෙලා තියෙන්නෙ කිලෝ දෙකක් වැඩි උනොත් ඊලග සතියෙ කිලෝ තුනක් අඩු වෙනවා😑""",Neutral
67,1075166071823499265,2995187646,Tue Dec 18 23:09:01 +0000 2018,"""අපිට සෙට් උනොත් සෙට් වෙන්නෙ කැරිම නඩුවක්😂නැත්තන් කැරිම බඩුවක්😂🤘 — feeling ���""",Neutral
68,1075131327010074624,4867064842,Tue Dec 18 20:50:57 +0000 2018,"""ලෝගන් කෝ සුඛියා කෝ අරූ කෝ මු කෝ කියලා අහන උන් තමා කවදාහරි බැන්ඳ දවසක ගෑණි කෝ කියලා හොයන්නේ 🙄""",Neutral
69,1075129774782083073,166556379,Tue Dec 18 20:44:47 +0000 2018,"""හොයලා හොයලා කොල්ලෙක් හොයා ගන්නම බැරි උනොත් මම හම්සව බදිනවා""",Neutral
70,1075129710147969025,343755137,Tue Dec 18 20:44:32 +0000 2018,"""හොයලා හොයලා කොල්ලෙක් හොයා ගන්නම බැරි උනොත් මම හම්සව බදිනවා""",Neutral
71,1075121878270861312,395035548,Tue Dec 18 20:13:25 +0000 2018,"""දත් දොස්තර කෝ?? මගෙ වෙඩිමට පරක්කු වෙනවා.""",Neutral
72,1075119614969864192,137992580,Tue Dec 18 20:04:25 +0000 2018,"""බීලා මාට්ටු උනොත් වල් අලි ගහනවා යකෝ. 😂""",Neutral
73,1075114065222098944,1685742714,Tue Dec 18 19:42:22 +0000 2018,"""උඹල මෙහෙම සබ් ගහනවා කියලා දන්නවනම් මම දවසක් පරක්කු⁣ වෙලා ඉපදෙනවා..  - මීට චෙත්‍යා""",Neutral
74,1075967724428222464,199129412,Fri Dec 21 04:14:30 +0000 2018,"""@maalupaan මම සැක කලා.   ඒ දරුවා මුල සිටම මං ගැන අමනාපෙන් හිටියේ. ඉතින් මමත් ඒ වගේ අය පැත්තකට කරලා නොසොයා හිටියේ. ඒකයි එක පාර මතක නැති උනේ.  හැබැයි එයාගේ බුදු ෆිට් ලිස්ට් එකේ ඔයත් හිටියද? කීයටවත් වෙන්න බෑ""",Neutral
75,1075926385410146305,2496331741,Fri Dec 21 01:30:14 +0000 2018,"""ඉරාකය, ඇෆ්ගනිස්ථානය, පකිස්ථානය, සිරියාව, ලිබියාව සහ තවත් රටවල් වල ලමයි ජනතාව මරනව live බලව් හිටපු ඔබාමා නියම පාලකයෙක්ලු..  Check out @childrenshealth’s Tweet: https://t.co/OfiBKLXBGT""",Neutral
76,1075915567251353600,1854407280,Fri Dec 21 00:47:15 +0000 2018,"""සිංගප්පූරුව දියුණු කරපු මිනිහා වැඩ පටං ගත්තේ මෙන්න මෙහෙමයි.. ඒයා ලඟ තිබුනේ කාරණා තුනයි.. උවමනාව, කැපවීම සහ හැකියාව..   රටවල් දියුණු කරන්න දේශපාලන experience අනිවාර්ය නෑ.. #lka #GR2020 https://t.co/v9U3oyNbPs""",Neutral
77,1075814109046726656,1011390594,Thu Dec 20 18:04:05 +0000 2018,"""ඉරාකය, ඇෆ්ගනිස්ථානය, පකිස්ථානය, සිරියාව, ලිබියාව සහ තවත් රටවල් වල ලමයි ජනතාව මරනව live බලව් හිටපු ඔබාමා නියම පාලකයෙක්ලු..  ළමයි මැරුවට මොකද නත්තලට ළමයින්ට බඩු බෙදුවනේ...🎅🎅🎅 මේව රඟපෑම් එහෙම නෙමෙයි හොඳෙ.. https://t.co/0CEV50nwAm""",Neutral
78,1075730060022210562,4867064842,Thu Dec 20 12:30:07 +0000 2018,"""@notNaughtyE දන්නේ නෑ මෙයා. සුද්දා ගල විද්ද නිසා තමයි අපි යාන්තම් කොළඹ හරි යන්නේ. නුවර අපිට එහෙම මහලොකු දැනුමක් නැහැ. ඒකයි ඇත්ත. අනිත් රටවල් වලත් එහෙමද කියන්න එහේ යන්න තියා ඉන්ටර්නෙට් එකේ සර්ච් කරලා ඒ දේවල් බලන්නවත් අපිට ඉංග්‍රීසි දන්නේ නෑ 😢""",Neutral
79,1075701507163635714,156612704,Thu Dec 20 10:36:39 +0000 2018,"""&lt;3 මගේ ආදරේ තවමත් ඒ වගේ සොදුරු කතාවක් වගේ නුබේ හීනයේ දැවටී එදා වගේ ඉන්න ආසයි තවමත් හිතේ  දවසක නුබ හා මේ ගී පද ගැලපු  තනුවක් වාගේ නුබ මට මියුරු  එන මග සරසා නුබ යනවිට තනිවූ  දවසක් ඒවිද ආයෙත් නුබ මට හිමි වූ.. &lt;3 https://t.co/7OPJnK4RSs""",Neutral
80,1075657268056576000,972847580517298176,Thu Dec 20 07:40:52 +0000 2018,"""@Nimal15700736 @cleanpoltics @NimaliWijesuri3 @ApiWenuwen @JMLPBandara @GayaniGunaseke2 @nnalani1231 @ranjanieguruge @CBSL @RW_UNP @HarshadeSilvaMP @EranWick @MangalaLK @MaithripalaS @Senaratne77 @Neetwit @PresRajapaksa @ParliamentLK @randheeraM @nilanp @astroanu @hithuwakkari89 @galpathatlr @KalyanaMithraya @medaperadiga @AsIFxOubyozDmOY @ra5tha @Sudumameduvada @WasthiOfficial @DooWeere @udanaekanayake @Dilanka_ss @hesha_UNP01 @PiyumiShashi @Media_NR @tmfallen @Ru_Weerasuriya @vishiru @LUshimarie @paranawithana @JosephMorgan @amalab @mihywun @Aqua097 @hima_flake @LankanJokes @Yawathashi @ManoGanesan @PodujanaParty මේ ගිවිසුම හරහා අපේ රටේ සේවා ටික සිංගප්පූරුවට පමණක් නොවෙයි පාවලා දීලා තිබෙන්නේ. ඉන්දියාව, චීනය, මැලේසියාව කියන රටවල් හමුවේ පාවලා දීලා තිබෙනවා. 1815 අපේ රට සුද්දාට විතරයි යටත් වුණේ. නමුත් ලෝකයේ සියලු රටවල් හමුවේ අපිව පාවා දීලා ඉවරයි මේ https://t.co/imfO4FngUd https://t.co/F4qhD3dpJK""",Neutral
81,1075621099487027201,2503150696,Thu Dec 20 05:17:08 +0000 2018,"""වැරදි දැක්කත් ඒවා ප්‍රසිද්ධ කරලා තමන්ගෙ ආගම ගැන තියන වටිනාකම,බක්තිය අන්ආගමිකයන් ඉස්සරා නැති කර ගන්නෙ නෑ.අපිට හිතන්න සෑහෙන්න දේවල් තියෙනවා රැඩිකල් විදිහට හිතලා ටෑටු එකක් සාධාරණීකරනය කරන්න කලින්.""",Neutral
82,1075479209114505217,2290874334,Wed Dec 19 19:53:19 +0000 2018,"""එන්න දවසක. ඇවිත් මගෙ හදවතත් මෙගා පික්සල් බිලියන විසිහතරදාකට කඩල සූම් කරල බලන්න ඒ හැම කොන්ටම් අංශුවකම ආදරේ තියේවි ඔයාගෙ නමින් ලියවිලා හැමදාටම .... ❤️  යෝ..යෝ... #බොබී""",Neutral
83,1075453827577303040,169831468,Wed Dec 19 18:12:28 +0000 2018,"""ඔයාටත් ඉන්නවද?  පාරෙ යද්දි අඳුරන අය ඉස්සරහට එද්දි අත අතාරින   ඔයා එයාගෙ යාලුවෙක් විතරයි කියලා හැමෝටම කියලා තියන   හැම තිස්සෙම නිදහසට කාරණා කිය කිය කාර්‍යබහුල බව අඟවන, ඒත් online ඉන්න  හැම දේටම බොරුවට සැක කරන, හේතු හදාගෙන තරහ වෙන   .............කෙනෙක්??? 😔😔""",Neutral
84,1075452856977678336,836512553622593536,Wed Dec 19 18:08:36 +0000 2018,"""මේම පැටලැවිල්ලක් උනොත් තමා අපිට කෝල් එන්නේ.. නැත්තම් කොල් කරන්නේ අර dialog එකෙන් බූට් සින්දු call a tune දාගන්න කියන කෝල් එක තමා..😂😂 https://t.co/8ctmWnrSGc""",Neutral
85,1075442890300518400,181142874,Wed Dec 19 17:29:00 +0000 2018,"""අතීතයට ගිහින් දේවල් වෙනස් කරනවා කියන මිත්‍යාව මිත්‍යාවක් ලෙසටම හැමදාම තියෙනවනම් හොඳයි. අනාගතයක් කියලා දෙයක් නැත්තටම නැති වෙන්න පුලුවන් එහෙම උනොත්.""",Neutral
86,1075404513094262784,178606641,Wed Dec 19 14:56:30 +0000 2018,"""ගෙදරින් පිට, බෝඩිං වල ඉන්නකොට ගෙදර වෙන කිසිම අවුලක් තාත්තා මට කියන්නෙ නෑ. වෙන අයට කියන්න දෙන්නෙත් නෑ. අම්මා මොකක් හරි කියන්න යනකොට පැනලා ඒක නවත්තනවා.  ඒ මම ඒවා හිතට අරන් ඔළුවට වදයක් කරගනී කියලා හිතලා ලු.  තාත්තලාගෙ ආදරේ හරි වෙනස්. ගැඹුරුයි. සමහරවිට තේරුම්ගන්නත් අමාරුයි. 😌❤️""",Neutral
87,1075398073344389120,154800409,Wed Dec 19 14:30:55 +0000 2018,"""මට ජිවිතේ කවදාකවත් නුවර යන්න හේතුවක් ඕනි වුණේ නෑ.. දළදා මාලිගාව ඉස්සරහින් වැව දිගේ යද්දී , මාලිගාවෙන් එන සුවද , ඒ මගුල්බෙර වාදනය නිසා හිතට පුදුම සැහැල්ලුවක් දැනෙන්නේ.. මේ අවුරුදු ගානටම සෙරෙප්පු දෙක හිතලා ගලවනවා නෙවෙයි ... කකුල් වලින් සෙරෙප්පු දෙක ගැලවෙනවා ශ්‍රී දන්ත ධාතුව 👇""",Neutral
88,1075397181173977088,4867064842,Wed Dec 19 14:27:22 +0000 2018,"""‌සමහර එවුන් මේකට එන්නෙම කෙනෙක් කරන වැඩේ නතර කරලා මොකක් හරි පොර ටෝක් එකක් දීලා යන්න. උන් කරන්නෙත් නෑ, කරන එවුන්ට කරන්න දෙන්නෙත් නෑ. ඕකුන් තමයි කවදාහරි බැන්ද දවසක පලමු රාත්‍රීයේ යාලුවන්ට කෝල් කර කර "" ඒ මචන් මොකෝ බං මං දැන් කරන්න ඕන, නිදාගත්තට කමක් නැද්ද "" කිය කිය ඇඩ්වයිස් ගන්නේ. 😅""",Neutral
89,1075385644476760064,494966093,Wed Dec 19 13:41:31 +0000 2018,"""ජනපතිගේ බලතල අඩුකරන...20සේ මාරයා  !  වර්ධරාජා පෙරැමල් ඊළාම් රාජ්‍යයක් ප්‍රකාශයට පත්කල විට ප්‍රේමදාස ජනපති වහාම පලාත් සභාව විසරැවා හැරිමෙන් උතුරේ ඊළම් රාජ්‍යය එදා වැළකුනා  අද 20න් ජනපතිගේ බලතල කප්පාදුවක් සිදු උනොත් රට ජාතියට සිදුවන බරපතල වරද යලි හදනු බෑ පිහිට වූ ඊළම යලි ගනුත් බෑ🤔""",Neutral
90,1075380583541293056,1840541953,Wed Dec 19 13:21:25 +0000 2018,"""@DeV_DaZ අපාරාදෙ කියන්නෙ බැ මෙකෙ ඉන්න මිනිසුන් කවද හරි දවසක් ඔය  administer role එකක්.කරොත් තමන්ගේ service ගන්න පුද්ගලයෙක් අසාධාරණයක් උනොත් පිලිසරණ ක් නැ මොලෙ පරිණත වෙලා.නැ එකතාමා  අවුල""",Neutral
91,1075363607679025152,809347326,Wed Dec 19 12:13:58 +0000 2018,"""දුම්රියේ යන කට්ටියගෙන් මෙච්චර කල් කිසි උදව්වක් ඉල්ලලා නෑ මං...අද පොඩි උදව්වක් ඉල්ලන්න කල්පනා කරා...  https://t.co/AQkH2cpR8y Train ඇප් එකට Vote කරලා උදව්වක් කරන්න...හැමදාම පරක්කු වෙන කෝච්චිය ගැන Update ගන්නවා වගේම සේවය ලබාගත්... https://t.co/8NiYoxy4sY""",Neutral
92,1075325247627309056,36591833,Wed Dec 19 09:41:32 +0000 2018,"""@ranukad යකෝ කවුරු හරි මුල්වෙලා එහෙම දෙයක් කරන නිසයි එන්න බැරි වුනත් මුන්ටික ආතල් එකක් ගන්නවා නේද කියලා හිතලා හරි සතුටුවෙන්නේ..! අහක ඉන්න වේස නරි එක එක ඒවා කිව්වා කියලා, උඹලා කරන වැඩ නවත්තන්න හිතනවා නං, මට කියන්න තියෙන්නේ අනේ මංදා කියලා තමා රනුක.! 😑""",Neutral
93,1075295092347469824,3837570612,Wed Dec 19 07:41:42 +0000 2018,"""හිතෙන විකාර ට්වීට් කරලා හැමදාම දැම්මා. ඒකෙ චුට්ටං හරි ආර්ට් එකක් දැකලා  #ජොබ්එකගාවගමු කියලා හිතලා @moogater අක්කා ලියන්න උදව්කරා. ඇයි අනිත් අයටත් ඒ වගේ හොඳ විදිහට අනිත් අයට උදව්කරන්න බැරි?""",Neutral
94,1075230792844861441,981202311908179968,Wed Dec 19 03:26:12 +0000 2018,"""එයා කිවුවා කැටයක් අරගෙන හැමදාම ඒකට රුපියක් දහය ගානේ හරි.. ඊට වැඩියෙන් හරි දාන්න කියලා. හොද දෙයක් වෙනුවෙන් කිවුවා.දවසක ආයෙත් මගේ ලගට එනවා කිවුවා හේතුවත් අරගෙනම. මොකක්ද ඒ මාරම පස්නයක් ඒක..... 🧐🧐🧐🧐🧐🧐🧐🧐 #දැවෙනප්‍රශ්න""",Neutral
95,1075219187994222592,981202311908179968,Wed Dec 19 02:40:05 +0000 2018,"""නෑ නෑ මම දැන් දැක්කේ තව ලෝගන් අයියා කෙනෙක් ඉන්නවනේ..... හිත හදාගනින් බං.... උබේ නම කියලත් දවසක කවුරුහරි ටුයිට් කරාවි 😔😔 #තනියමකියවයි https://t.co/cNKdVPxWLz""",Neutral
96,1075206313230155776,3001832971,Wed Dec 19 01:48:56 +0000 2018,"""Naththal Awa - Latha Walpola and Eranga Lanka  නත්තල් ආවා ආවා ආවා ජේසු බිලිඳු ආවා  උඳුවප් මාසේ සීතල දවසක මැදියම් රෑ යාමේ  බෙත්ලෙහෙමේ පුංචි ගවලෙනේ ජේසු උපත වූයේ  සාමයේ අරුණලු දසත පැතිර ගියේ  නත්තලේ අපි... https://t.co/cOu1xPZhFm""",Neutral
97,1075115578552008704,137992580,Tue Dec 18 19:48:23 +0000 2018,"""ලෝගා දාපු එක ඩුප්ලිකේට් ගහන්නත් හිතලා ආයේ අතෑරියා. සයිබර් බුලින් කරලා රස්සාව නැති කරගන්න බෑ. ලෝගව රිපෝර්ට් කලා හේට් ස්පීච් කියලා. වෙලාවට ඌ රිපෝර්ට් කරන විදිහ කලින් කියලා තිබුනේ 😂""",Neutral
98,1075115398851248128,166556379,Tue Dec 18 19:47:40 +0000 2018,"""ලෝගා දාපු එක ඩුප්ලිකේට් ගහන්නත් හිතලා ආයේ අතෑරියා. සයිබර් බුලින් කරලා රස්සාව නැති කරගන්න බෑ. ලෝගව රිපෝර්ට් කලා හේට් ස්පීච් කියලා. වෙලාවට ඌ රිපෝර්ට් කරන විදිහ කලින් කියලා තිබුනේ 😂""",Neutral
99,1075109556919853056,911573887,Tue Dec 18 19:24:27 +0000 2018,"""එතකොට බැරිවෙලාවත් ඒකාබද්ධෙන් ආන්ඩුව පිහිටවලා තිබිලා ඒකට unp එකෙන් කවුරු හරි පැන්නොත් ඇමතිකම් දෙනවා.  හැබැයි,   Unp එකෙන් ආන්ඩු පිහිටවලා ඒකට ඒකාබද්දේ හෝ නිදහස් පක්ශේ කවුරු හරි unp එක එක්කලා එක්කහු උනොත් එතකොට ඇමතිකම් නෑ.  මෛත්‍රිපාලගෙත් තියෙන්නේ ටෞකණ තියරි බොල..! 🤭🤔""",Neutral
